EPZM,01-Jan-2016,16.02,16.02,16.02,16.02,0
EPZM,04-Jan-2016,15.66,16.01,15.07,15.28,238500
EPZM,05-Jan-2016,15.38,15.95,14.86,15.12,311800
EPZM,06-Jan-2016,13.36,13.54,10.86,11.54,3276900
EPZM,07-Jan-2016,9.5,11.51,9.32,11.07,7859200
EPZM,08-Jan-2016,11.07,11.49,10.52,10.71,1030800
EPZM,11-Jan-2016,10.87,11.03,9.76,10.2,767000
EPZM,12-Jan-2016,10.35,10.81,9.72,10.27,715200
EPZM,13-Jan-2016,10.79,11,9.63,9.82,826000
EPZM,14-Jan-2016,9.89,10.91,9.43,10.55,672800
EPZM,15-Jan-2016,10.19,10.29,9.53,9.93,1091800
EPZM,18-Jan-2016,9.93,9.93,9.93,9.93,0
EPZM,19-Jan-2016,10.17,10.24,8.95,9.57,772500
EPZM,20-Jan-2016,9.38,10.54,8.96,10.18,474400
EPZM,21-Jan-2016,10.1,10.9,9.86,10.29,516400
EPZM,22-Jan-2016,10.62,10.62,10.12,10.4,447300
EPZM,25-Jan-2016,10.32,10.88,10.02,10.3,434500
EPZM,26-Jan-2016,10.42,10.42,9.37,9.99,348800
EPZM,27-Jan-2016,9.99,10.19,8.93,9.17,601200
EPZM,28-Jan-2016,9.36,9.42,8.9,9.02,637400
EPZM,29-Jan-2016,9.02,9.25,8.27,9.09,2461800
EPZM,01-Feb-2016,9.13,9.42,8.91,9.17,372600
EPZM,02-Feb-2016,9,9.32,8.5,8.93,525900
EPZM,03-Feb-2016,8.99,9.04,8.3,8.85,446000
EPZM,04-Feb-2016,8.76,10.28,8.76,9.59,460000
EPZM,05-Feb-2016,9.47,9.77,9.19,9.35,557100
EPZM,08-Feb-2016,9.49,9.81,8.91,8.98,599200
EPZM,09-Feb-2016,8.81,9.56,8.75,9.29,365100
EPZM,10-Feb-2016,9.32,10,8.79,9.3,443400
EPZM,11-Feb-2016,9.04,9.24,8.67,8.9,562000
EPZM,12-Feb-2016,9.09,9.59,8.61,9.54,330700
EPZM,15-Feb-2016,9.54,9.54,9.54,9.54,0
EPZM,16-Feb-2016,9.7,10.09,9.48,10.08,366500
EPZM,17-Feb-2016,10.19,10.43,9.85,10.22,388500
EPZM,18-Feb-2016,10.3,10.31,9.21,9.26,372400
EPZM,19-Feb-2016,9.2,9.49,8.82,9.49,323300
EPZM,22-Feb-2016,9.61,9.85,9.37,9.55,254300
EPZM,23-Feb-2016,9.45,9.65,8.88,8.89,327300
EPZM,24-Feb-2016,8.75,9.26,8.48,9.22,287900
EPZM,25-Feb-2016,9.2,9.57,8.82,8.95,246500
EPZM,26-Feb-2016,9.03,9.46,8.9,9.21,283600
EPZM,29-Feb-2016,9.18,9.56,8.71,8.79,404100
EPZM,01-Mar-2016,8.88,9.17,8.64,9.17,309600
EPZM,02-Mar-2016,9.09,9.62,8.8,9.52,430000
EPZM,03-Mar-2016,9.49,10.28,9.16,9.64,279900
EPZM,04-Mar-2016,9.7,10.23,9.45,9.6,287600
EPZM,07-Mar-2016,9.55,10.48,9.34,10.26,371700
EPZM,08-Mar-2016,10.3,10.3,9.33,9.39,409200
EPZM,09-Mar-2016,9.54,9.76,8.5,9.51,674200
EPZM,10-Mar-2016,9.43,10.15,9.35,9.92,569600
EPZM,11-Mar-2016,10.03,10.35,9.67,10.31,352000
EPZM,14-Mar-2016,10.95,11.9,10.75,11.09,681000
EPZM,15-Mar-2016,10.92,10.92,9.9,10.21,349600
EPZM,16-Mar-2016,10.2,10.46,9.66,9.86,200300
EPZM,17-Mar-2016,9.89,10.24,9.3,10.02,359700
EPZM,18-Mar-2016,10.09,11,9.99,10.96,651300
EPZM,21-Mar-2016,10.91,11.39,10.81,11.08,367000
EPZM,22-Mar-2016,11.04,11.89,10.77,11.67,380300
EPZM,23-Mar-2016,11.54,11.85,10.5,10.51,235100
EPZM,24-Mar-2016,10.41,10.83,9.88,10.72,266800
EPZM,25-Mar-2016,10.72,10.72,10.72,10.72,0
EPZM,28-Mar-2016,10.82,10.85,10.18,10.49,142600
EPZM,29-Mar-2016,10.43,11.38,10.01,11.32,387400
EPZM,30-Mar-2016,11.44,12.35,11.32,11.51,363300
EPZM,31-Mar-2016,11.62,12.94,11.62,12.12,596500
EPZM,01-Apr-2016,12.01,12.52,11.69,11.89,363100
EPZM,04-Apr-2016,11.91,12.66,11.8,12.33,432400
EPZM,05-Apr-2016,12.4,13.41,12.11,12.34,596500
EPZM,06-Apr-2016,12.49,13.37,12.42,13.2,583700
EPZM,07-Apr-2016,13.05,13.46,12.44,12.71,352600
EPZM,08-Apr-2016,12.97,13.08,12.24,12.4,306800
EPZM,11-Apr-2016,12.48,12.81,11.85,12.15,272700
EPZM,12-Apr-2016,12.12,12.4,11.79,12.35,268500
EPZM,13-Apr-2016,12.46,13,12.39,12.85,256700
EPZM,14-Apr-2016,12.94,13.13,12.6,12.7,253700
EPZM,15-Apr-2016,12.63,13,12.52,12.88,178300
EPZM,18-Apr-2016,12.6,12.92,12.39,12.71,268500
EPZM,19-Apr-2016,12.71,12.72,11.85,12.12,243200
EPZM,20-Apr-2016,12.18,12.62,11.93,12.11,196200
EPZM,21-Apr-2016,12.04,12.58,11.99,12.38,248100
EPZM,22-Apr-2016,12.48,12.6,12.05,12.59,269900
EPZM,25-Apr-2016,12.62,12.75,12.1,12.12,174300
EPZM,26-Apr-2016,12.23,12.24,10.97,11.03,317200
EPZM,27-Apr-2016,11,11.33,10.3,11.16,397500
EPZM,28-Apr-2016,11.05,11.58,10.82,11.06,220800
EPZM,29-Apr-2016,11,11.35,10.32,10.42,309300
EPZM,02-May-2016,10.51,10.9,10.28,10.67,422800
EPZM,03-May-2016,10.52,10.68,9.86,9.88,419800
EPZM,04-May-2016,9.65,9.68,9.09,9.5,579200
EPZM,05-May-2016,9.6,10.14,8.84,9.07,387200
EPZM,06-May-2016,8.96,9.44,8.96,9.33,234600
EPZM,09-May-2016,9.04,10.3,8.84,10.16,385000
EPZM,10-May-2016,10.27,10.28,9.48,9.68,322500
EPZM,11-May-2016,9.66,9.88,9.23,9.25,212500
EPZM,12-May-2016,9.34,9.76,8.77,8.96,250100
EPZM,13-May-2016,8.97,9.19,8.81,9,205900
EPZM,16-May-2016,9.07,9.72,9.07,9.58,240000
EPZM,17-May-2016,9.46,9.88,9.3,9.47,351200
EPZM,18-May-2016,9.36,9.97,9.36,9.82,195700
EPZM,19-May-2016,9.74,10,9.18,9.33,236300
EPZM,20-May-2016,9.39,10.04,9.35,9.94,204200
EPZM,23-May-2016,9.95,10.41,9.95,10.25,195600
EPZM,24-May-2016,10.35,10.77,10.27,10.69,252100
EPZM,25-May-2016,10.77,11.19,10.52,10.8,266800
EPZM,26-May-2016,10.82,10.82,10.48,10.55,128300
EPZM,27-May-2016,10.62,10.88,10.38,10.86,143500
EPZM,30-May-2016,10.86,10.86,10.86,10.86,0
EPZM,31-May-2016,10.99,11.38,10.65,11.06,379000
EPZM,01-Jun-2016,11,11.9,10.82,11.81,829000
EPZM,02-Jun-2016,11.81,13.02,11.81,12.88,477100
EPZM,03-Jun-2016,12.75,12.96,12.12,12.16,533000
EPZM,06-Jun-2016,12.26,13,11.9,12.9,449800
EPZM,07-Jun-2016,12.74,13.46,12.34,12.58,455600
EPZM,08-Jun-2016,12.65,13.11,12.43,12.99,210200
EPZM,09-Jun-2016,12.82,12.95,12.2,12.26,208000
EPZM,10-Jun-2016,12.02,12.26,11.64,11.86,407900
EPZM,13-Jun-2016,11.72,11.9,11.39,11.5,304400
EPZM,14-Jun-2016,11.47,11.89,10.94,11.36,388300
EPZM,15-Jun-2016,11.51,12.19,11.3,11.85,340800
EPZM,16-Jun-2016,11.85,12.03,11.54,11.79,447200
EPZM,17-Jun-2016,11.85,12.07,11.4,11.44,899000
EPZM,20-Jun-2016,10.97,11.58,10.34,10.96,946600
EPZM,21-Jun-2016,10.99,11.19,10.64,10.92,645400
EPZM,22-Jun-2016,10.94,11.25,10.53,10.72,635200
EPZM,23-Jun-2016,10.91,10.96,10.19,10.44,567900
EPZM,24-Jun-2016,10,10.28,9.62,9.85,1091400
EPZM,27-Jun-2016,9.75,9.91,9.04,9.2,527400
EPZM,28-Jun-2016,9.4,10.25,9.22,10.09,371100
EPZM,29-Jun-2016,10.33,10.68,9.93,10.44,370100
EPZM,30-Jun-2016,10.45,10.79,10.08,10.24,378900
EPZM,01-Jul-2016,10.23,10.57,10.2,10.33,308500
EPZM,04-Jul-2016,10.33,10.33,10.33,10.33,0
EPZM,05-Jul-2016,10.21,10.29,9.85,10.01,197400
EPZM,06-Jul-2016,9.96,10.46,9.87,10.18,268600
EPZM,07-Jul-2016,10.25,10.37,9.76,9.92,323500
EPZM,08-Jul-2016,9.92,10.38,9.66,10.31,413900
EPZM,11-Jul-2016,10.4,10.49,10.14,10.35,206900
EPZM,12-Jul-2016,10.48,10.68,10.36,10.55,166800
EPZM,13-Jul-2016,10.65,10.71,9.76,9.78,281200
EPZM,14-Jul-2016,9.87,10,9.62,9.69,183500
EPZM,15-Jul-2016,9.73,10.03,9.6,9.81,246600
EPZM,18-Jul-2016,9.81,10.15,9.65,10.07,172300
EPZM,19-Jul-2016,10.06,10.1,9.65,9.71,171700
EPZM,20-Jul-2016,9.77,10.2,9.7,10.18,223100
EPZM,21-Jul-2016,10.29,10.43,10.02,10.14,318300
EPZM,22-Jul-2016,10.2,10.22,9.84,10.04,136700
EPZM,25-Jul-2016,10.06,10.24,9.71,9.98,129300
EPZM,26-Jul-2016,9.91,10.2,9.87,10,137900
EPZM,27-Jul-2016,10.07,10.43,10.05,10.38,167200
EPZM,28-Jul-2016,10.37,10.44,10.03,10.26,154900
EPZM,29-Jul-2016,10.2,10.44,10.05,10.36,194000
EPZM,01-Aug-2016,10.43,10.49,10.17,10.35,219400
EPZM,02-Aug-2016,10.37,10.48,9.86,9.87,255400
EPZM,03-Aug-2016,9.85,10.31,9.78,10.1,245100
EPZM,04-Aug-2016,10.13,10.23,9.78,9.83,172100
EPZM,05-Aug-2016,9.88,10.62,9.82,10.32,448800
EPZM,08-Aug-2016,10,10.09,8.81,9.05,1060400
EPZM,09-Aug-2016,9.29,9.29,8.96,9.03,336500
EPZM,10-Aug-2016,9.05,9.18,8.69,8.69,422300
EPZM,11-Aug-2016,8.76,8.76,8.05,8.28,1058400
EPZM,12-Aug-2016,8.22,8.48,8.16,8.33,506600
EPZM,15-Aug-2016,8.35,8.92,8.34,8.72,419100
EPZM,16-Aug-2016,8.75,8.8,8.3,8.54,640100
EPZM,17-Aug-2016,8.54,8.84,8.48,8.55,298500
EPZM,18-Aug-2016,8.56,8.78,8.54,8.7,194200
EPZM,19-Aug-2016,8.7,8.7,8.12,8.16,466400
EPZM,22-Aug-2016,8.23,8.42,8.04,8.06,393800
EPZM,23-Aug-2016,8.13,8.21,7.99,8.13,233000
EPZM,24-Aug-2016,8.08,8.33,7.57,7.61,354500
EPZM,25-Aug-2016,7.63,7.95,7.36,7.54,303200
EPZM,26-Aug-2016,7.54,7.85,7.48,7.7,270900
EPZM,29-Aug-2016,7.77,7.77,7.42,7.52,217500
EPZM,30-Aug-2016,7.5,7.8,7.44,7.58,208900
EPZM,31-Aug-2016,7.56,7.66,7.14,7.31,350900
EPZM,01-Sep-2016,7.23,7.54,7.2,7.31,243100
EPZM,02-Sep-2016,7.35,7.36,7.13,7.16,314600
EPZM,05-Sep-2016,7.16,7.16,7.16,7.16,0
EPZM,06-Sep-2016,7.22,7.44,7.02,7.12,388300
EPZM,07-Sep-2016,7.15,8.29,7.15,7.88,1174600
EPZM,08-Sep-2016,7.9,8.03,7.45,7.99,474500
EPZM,09-Sep-2016,7.82,7.89,7.21,7.23,465700
EPZM,12-Sep-2016,7.21,8.24,7.2,8.13,693300
EPZM,13-Sep-2016,7.98,8.23,7.51,8.07,803900
EPZM,14-Sep-2016,8.13,8.29,8,8.14,483900
EPZM,15-Sep-2016,8.16,8.98,8.16,8.89,711900
EPZM,16-Sep-2016,8.9,9.39,8.87,9.28,1192000
EPZM,19-Sep-2016,9.38,9.62,9.23,9.27,540600
EPZM,20-Sep-2016,9.4,9.66,9.11,9.54,380700
EPZM,21-Sep-2016,9.58,9.75,9.43,9.68,404000
EPZM,22-Sep-2016,9.77,9.83,9.49,9.74,252400
EPZM,23-Sep-2016,9.73,9.86,9.53,9.7,195200
EPZM,26-Sep-2016,9.63,9.89,9.58,9.76,203400
EPZM,27-Sep-2016,9.75,10.59,9.65,10.06,731900
EPZM,28-Sep-2016,10.06,10.25,9.69,9.88,414600
EPZM,29-Sep-2016,9.84,9.91,9.45,9.5,378700
EPZM,30-Sep-2016,9.53,9.99,9.4,9.84,441500
EPZM,03-Oct-2016,9.76,9.84,9.53,9.75,232200
EPZM,04-Oct-2016,9.72,9.96,9.4,9.63,276900
EPZM,05-Oct-2016,9.67,9.73,9.5,9.52,251000
EPZM,06-Oct-2016,9.5,9.58,9.26,9.4,265100
EPZM,07-Oct-2016,9.4,9.53,9.23,9.3,230500
EPZM,10-Oct-2016,9.45,9.86,9.36,9.73,276700
EPZM,11-Oct-2016,9.59,9.7,9.33,9.52,211400
EPZM,12-Oct-2016,9.5,9.61,8.97,9.1,315700
EPZM,13-Oct-2016,9.05,9.22,8.94,9,287100
EPZM,14-Oct-2016,9.14,9.34,8.88,8.9,217600
EPZM,17-Oct-2016,8.9,9,8.8,8.85,161100
EPZM,18-Oct-2016,9,9,8.8,8.85,202400
EPZM,19-Oct-2016,8.8,8.9,8.4,8.55,261700
EPZM,20-Oct-2016,8.5,8.9,8.38,8.9,257300
EPZM,21-Oct-2016,8.8,9.1,8.65,9.05,289600
EPZM,24-Oct-2016,9.15,9.25,8.95,9,187700
EPZM,25-Oct-2016,9,9.15,8.88,9,229100
EPZM,26-Oct-2016,9,9.2,8.95,9.05,137800
EPZM,27-Oct-2016,9.2,9.45,9,9.05,183900
EPZM,28-Oct-2016,9,9.5,8.85,9.15,471000
EPZM,31-Oct-2016,9.1,9.35,9,9.05,235400
EPZM,01-Nov-2016,9.1,9.2,8.95,9.1,216000
EPZM,02-Nov-2016,9.15,9.45,8.95,9.1,263900
EPZM,03-Nov-2016,8.9,9.45,8.5,8.8,496900
EPZM,04-Nov-2016,8.9,9.95,8.9,9.55,352600
EPZM,07-Nov-2016,9.75,10.1,9.6,10,175700
EPZM,08-Nov-2016,9.85,10.5,9.7,10.15,177600
EPZM,09-Nov-2016,10.4,11.15,10.15,11.05,464300
EPZM,10-Nov-2016,11.15,11.55,10.82,11.4,347000
EPZM,11-Nov-2016,11.4,12.4,11.4,11.95,404600
EPZM,14-Nov-2016,12,12,11.3,11.75,503500
EPZM,15-Nov-2016,11.7,11.85,11.1,11.35,336500
EPZM,16-Nov-2016,11.2,11.6,10.7,10.75,434100
EPZM,17-Nov-2016,10.9,10.95,10.35,10.5,304000
EPZM,18-Nov-2016,10.6,10.9,10.3,10.85,552400
EPZM,21-Nov-2016,10.8,11.4,10.7,11.3,472000
EPZM,22-Nov-2016,11.4,11.4,10.7,10.85,227600
EPZM,23-Nov-2016,10.65,11.7,10.5,11.7,243700
EPZM,24-Nov-2016,11.7,11.7,11.7,11.7,0
EPZM,25-Nov-2016,11.65,11.85,11.2,11.7,160400
EPZM,28-Nov-2016,11.6,11.75,11.25,11.3,297200
EPZM,29-Nov-2016,11.4,11.55,11,11.5,202600
EPZM,30-Nov-2016,11.5,11.85,10.7,11.1,317900
EPZM,01-Dec-2016,11.1,11.45,10.35,10.5,331600
EPZM,02-Dec-2016,10.5,11.05,10.35,10.5,300700
EPZM,05-Dec-2016,10.7,10.95,10.5,10.9,204900
EPZM,06-Dec-2016,10.9,11.15,10.5,11.1,232500
EPZM,07-Dec-2016,10.9,11.18,10.3,10.95,346900
EPZM,08-Dec-2016,10.9,11.1,10.6,10.8,347900
EPZM,09-Dec-2016,10.9,11.35,10.65,11.1,329100
EPZM,12-Dec-2016,11.15,11.85,11.1,11.5,266400
EPZM,13-Dec-2016,11.55,11.65,11.05,11.15,161300
EPZM,14-Dec-2016,11.05,11.5,10.75,11.05,207100
EPZM,15-Dec-2016,11.05,11.44,10.9,11.25,177900
EPZM,16-Dec-2016,11.25,11.97,11,11.6,1204800
EPZM,19-Dec-2016,11.45,11.8,11.35,11.7,359700
EPZM,20-Dec-2016,11.7,12.4,11.7,12,239600
EPZM,21-Dec-2016,12,12,11.4,11.55,145900
EPZM,22-Dec-2016,11.6,11.85,11.1,11.7,231000
EPZM,23-Dec-2016,11.7,12.05,11.7,11.75,442700
EPZM,26-Dec-2016,11.75,11.75,11.75,11.75,0
EPZM,27-Dec-2016,11.9,12,11.75,11.75,210100
EPZM,28-Dec-2016,11.8,12.4,11.75,12.15,496900
EPZM,29-Dec-2016,12.25,12.9,12.2,12.35,318200
EPZM,30-Dec-2016,12.3,12.43,11.9,12.1,326600
EPZM,02-Jan-2017,12.1,12.1,12.1,12.1,0
EPZM,03-Jan-2017,12.25,12.52,11.9,12.3,274000
EPZM,04-Jan-2017,12.3,12.45,12.1,12.4,394000
EPZM,05-Jan-2017,12.45,12.5,11.8,11.9,516700
EPZM,06-Jan-2017,11.9,12.45,11.85,12.1,505600
EPZM,09-Jan-2017,12.3,12.35,11.9,11.95,429500
EPZM,10-Jan-2017,11.95,12.13,11.8,12,210600
EPZM,11-Jan-2017,11.95,12.18,11.15,11.5,400300
EPZM,12-Jan-2017,11.35,11.65,11.3,11.4,163200
EPZM,13-Jan-2017,11.5,11.7,11.15,11.4,244700
EPZM,16-Jan-2017,11.4,11.4,11.4,11.4,0
EPZM,17-Jan-2017,11.25,11.25,10.3,10.5,412000
EPZM,18-Jan-2017,10.6,10.71,10,10.55,379100
EPZM,19-Jan-2017,10.55,10.55,10.2,10.2,273900
EPZM,20-Jan-2017,10.2,10.26,9.95,10.2,222600
EPZM,23-Jan-2017,10.1,10.25,9.6,9.9,289400
EPZM,24-Jan-2017,9.95,10.3,9.6,10.2,421500
EPZM,25-Jan-2017,10.25,10.5,10.05,10.2,218600
EPZM,26-Jan-2017,10.3,10.3,9.7,9.85,206300
EPZM,27-Jan-2017,9.9,10.15,9.45,10.15,354600
EPZM,30-Jan-2017,10.05,10.05,9.65,9.75,170400
EPZM,31-Jan-2017,9.65,10.6,9.6,10.5,255700
EPZM,01-Feb-2017,10.55,10.8,10.15,10.3,199100
EPZM,02-Feb-2017,10.3,11.7,10.05,11.25,852200
EPZM,03-Feb-2017,11.3,12.25,11.1,12.1,450400
EPZM,06-Feb-2017,12.05,12.6,11.75,12.05,468500
EPZM,07-Feb-2017,12,12.5,11.95,12.2,309500
EPZM,08-Feb-2017,12.1,12.5,11.8,12.45,270000
EPZM,09-Feb-2017,12.45,12.6,12.05,12.2,382500
EPZM,10-Feb-2017,12.3,12.45,11.9,12,316000
EPZM,13-Feb-2017,12.15,12.25,11.8,12.05,121300
EPZM,14-Feb-2017,11.95,12.15,11.85,12.05,200700
EPZM,15-Feb-2017,12,12.3,11.95,12.25,218900
EPZM,16-Feb-2017,12.3,12.5,11.95,12.1,382500
EPZM,17-Feb-2017,12.15,12.8,11.8,12.8,785200
EPZM,20-Feb-2017,12.8,12.8,12.8,12.8,0
EPZM,21-Feb-2017,12.9,13.65,12.2,12.3,1290200
EPZM,22-Feb-2017,12.35,12.5,11.95,12.05,551300
EPZM,23-Feb-2017,12.05,12.1,11.15,11.7,418800
EPZM,24-Feb-2017,11.5,12.2,11.45,12.15,290600
EPZM,27-Feb-2017,12.05,13.78,12.05,13.65,520100
EPZM,28-Feb-2017,13.65,15.4,13.2,14.2,981900
EPZM,01-Mar-2017,14,14.65,13.77,13.95,824700
EPZM,02-Mar-2017,13.95,14.45,13.75,13.85,451400
EPZM,03-Mar-2017,13.85,15.05,13.6,15,746500
EPZM,06-Mar-2017,14.9,15.3,14.55,14.95,682700
EPZM,07-Mar-2017,14.75,15.6,14.35,15.2,610500
EPZM,08-Mar-2017,15.25,15.65,15.05,15.1,643400
EPZM,09-Mar-2017,15.1,15.83,14.6,15.2,737000
EPZM,10-Mar-2017,15.65,17,15.05,16.7,1013400
EPZM,13-Mar-2017,16.7,16.9,16.25,16.65,540800
EPZM,14-Mar-2017,16.6,16.8,16.35,16.4,330300
EPZM,15-Mar-2017,16.45,17.35,16.2,16.95,513800
EPZM,16-Mar-2017,16.95,17.45,16.85,16.95,302100
EPZM,17-Mar-2017,16.8,17.2,16.65,17.1,427200
EPZM,20-Mar-2017,17,17.25,16.75,17.2,293300
EPZM,21-Mar-2017,17.25,17.75,16.3,16.6,654800
EPZM,22-Mar-2017,16.7,16.85,16.4,16.65,377700
EPZM,23-Mar-2017,16.65,17.27,16.45,16.95,319600
EPZM,24-Mar-2017,16.9,17.45,16.9,17.15,213400
EPZM,27-Mar-2017,17.05,17.65,17,17.6,281000
EPZM,28-Mar-2017,17.7,17.8,17.15,17.4,163400
EPZM,29-Mar-2017,17.45,17.45,17.1,17.25,269400
EPZM,30-Mar-2017,17.2,17.3,16.95,17.05,269600
EPZM,31-Mar-2017,17.05,17.35,16.9,17.15,538600
EPZM,03-Apr-2017,17.15,17.34,16.35,16.45,627500
EPZM,04-Apr-2017,16.35,16.6,15.9,16,518600
EPZM,05-Apr-2017,16.1,16.35,15.05,15.45,529700
EPZM,06-Apr-2017,15.5,15.5,14.4,14.8,572600
EPZM,07-Apr-2017,14.75,14.85,14.16,14.65,588600
EPZM,10-Apr-2017,14.7,14.95,14.6,14.6,168700
EPZM,11-Apr-2017,14.6,14.85,14.02,14.55,382800
EPZM,12-Apr-2017,14.6,14.75,14.35,14.5,221800
EPZM,13-Apr-2017,14.9,15.45,14.5,15.1,307100
EPZM,14-Apr-2017,15.1,15.1,15.1,15.1,0
EPZM,17-Apr-2017,14.95,15.05,14.5,14.9,193100
EPZM,18-Apr-2017,14.85,15,14.5,14.9,216800
EPZM,19-Apr-2017,14.95,15.3,14.75,14.9,170400
EPZM,20-Apr-2017,15,15.15,14.65,14.95,206800
EPZM,21-Apr-2017,14.95,14.95,14.45,14.55,177000
EPZM,24-Apr-2017,14.7,14.9,14.5,14.9,200900
EPZM,25-Apr-2017,15.25,17.95,15.25,17.45,1071400
EPZM,26-Apr-2017,17.55,17.85,17.25,17.65,352200
EPZM,27-Apr-2017,17.65,18.35,17.45,18.1,411100
EPZM,28-Apr-2017,18.05,18.5,17.85,18.05,366300
EPZM,01-May-2017,18.05,18.3,17.9,18.15,235300
EPZM,02-May-2017,18.1,18.23,17.25,17.55,223600
EPZM,03-May-2017,17.45,17.47,16.85,17,154400
EPZM,04-May-2017,17.1,17.15,16.4,16.65,160600
EPZM,05-May-2017,16.6,16.6,16.15,16.3,268900
EPZM,08-May-2017,16.5,16.5,15,15.2,358800
EPZM,09-May-2017,15.2,16.1,15.05,15.85,276800
EPZM,10-May-2017,16.05,16.05,15.25,15.75,223600
EPZM,11-May-2017,15.65,16.35,15.45,15.95,241300
EPZM,12-May-2017,15.95,17.15,15.8,16.35,407500
EPZM,15-May-2017,16.35,16.5,15.93,16.1,375900
EPZM,16-May-2017,16.15,16.5,15.8,16.15,305900
EPZM,17-May-2017,16,16.85,15.9,16.65,434700
EPZM,18-May-2017,15,17.33,14.3,17.1,1496200
EPZM,19-May-2017,17.1,18.45,17.1,17.9,797400
EPZM,22-May-2017,17.85,18,16.4,16.7,562000
EPZM,23-May-2017,16.7,17.45,16.45,16.65,276900
EPZM,24-May-2017,16.7,16.75,16.33,16.45,565100
EPZM,25-May-2017,16.45,16.45,15.75,16.15,670900
EPZM,26-May-2017,16.1,16.43,15.45,15.6,362800
EPZM,29-May-2017,15.6,15.6,15.6,15.6,0
EPZM,30-May-2017,15.6,16.05,14.82,15.05,622500
EPZM,31-May-2017,15.15,15.2,14.25,14.3,852500
EPZM,01-Jun-2017,14.4,15.05,14.3,14.75,964600
EPZM,02-Jun-2017,14.8,15.18,14.2,14.5,641800
EPZM,05-Jun-2017,14.55,14.66,13.3,13.55,580300
EPZM,06-Jun-2017,13.45,13.8,12.75,12.8,1593300
EPZM,07-Jun-2017,12.95,13.07,11.8,12,1017200
EPZM,08-Jun-2017,11.85,12.4,11.2,11.45,1496100
EPZM,09-Jun-2017,11.35,11.45,10.15,10.5,2146900
EPZM,12-Jun-2017,10.5,11.25,10.35,10.8,1000900
EPZM,13-Jun-2017,10.75,11.35,10.4,11.15,854000
EPZM,14-Jun-2017,10.2,13.3,9.3,12.35,6435000
EPZM,15-Jun-2017,12.2,14.5,12.05,14.5,4278000
EPZM,16-Jun-2017,14.4,14.45,13.05,13.65,2611300
EPZM,19-Jun-2017,13.75,13.95,12.95,13.2,1223800
EPZM,20-Jun-2017,13.1,14.18,13.05,13.75,765200
EPZM,21-Jun-2017,13.8,15.2,13.8,14.5,987200
EPZM,22-Jun-2017,14.55,15.13,13.5,13.65,1245400
EPZM,23-Jun-2017,13.5,14.7,13.25,14.7,1110000
EPZM,26-Jun-2017,14.7,15.2,14.2,14.3,696900
EPZM,27-Jun-2017,14.45,14.64,14.05,14.3,727600
EPZM,28-Jun-2017,14.45,15.35,14.25,15.25,515600
EPZM,29-Jun-2017,15.15,16.05,15.1,15.55,752300
EPZM,30-Jun-2017,15.5,15.65,15.1,15.1,581100
EPZM,03-Jul-2017,15.2,15.65,15.05,15.55,240600
EPZM,04-Jul-2017,15.55,15.55,15.55,15.55,0
EPZM,05-Jul-2017,15.45,15.85,15.35,15.6,422900
EPZM,06-Jul-2017,15.5,15.54,14.7,14.8,368400
EPZM,07-Jul-2017,14.9,15.05,14.25,14.7,389500
EPZM,10-Jul-2017,14.6,14.75,14.25,14.45,248700
EPZM,11-Jul-2017,14.45,14.8,14.3,14.7,331700
EPZM,12-Jul-2017,14.8,14.8,14.4,14.75,322000
EPZM,13-Jul-2017,14.8,15.4,14.4,15.2,385600
EPZM,14-Jul-2017,15.2,15.55,14.85,14.9,234000
EPZM,17-Jul-2017,14.85,15.3,14.15,14.2,367100
EPZM,18-Jul-2017,14.15,14.4,13.5,13.65,302000
EPZM,19-Jul-2017,13.8,14.25,13.5,13.7,342600
EPZM,20-Jul-2017,13.75,13.9,12.9,13.3,480000
EPZM,21-Jul-2017,13.4,14.05,13.2,13.35,308900
EPZM,24-Jul-2017,13.35,13.675,13,13.3,468800
EPZM,25-Jul-2017,13.25,13.325,12.4,12.65,536500
EPZM,26-Jul-2017,12.7,13,12.15,12.3,333600
EPZM,27-Jul-2017,12.35,12.6,11.9,12.35,392800
EPZM,28-Jul-2017,12.25,12.525,12.075,12.15,341400
EPZM,31-Jul-2017,12.2,12.4,11.25,11.4,483700
EPZM,01-Aug-2017,11.5,12.1,11.15,12,453200
EPZM,02-Aug-2017,12,12.5,11.8,12.1,347200
EPZM,03-Aug-2017,12,12.65,11.95,12.45,378900
EPZM,04-Aug-2017,13.05,14.4,12.35,14.15,696400
EPZM,07-Aug-2017,14,14.05,13.25,13.6,523200
EPZM,08-Aug-2017,13.6,14.3,13.43,13.5,398100
EPZM,09-Aug-2017,13.5,13.75,13,13.15,380700
EPZM,10-Aug-2017,13.1,13.55,12.65,12.7,402000
EPZM,11-Aug-2017,12.75,13.2,12.5,13.1,316500
EPZM,14-Aug-2017,13.2,13.9,13.05,13.25,400000
EPZM,15-Aug-2017,13.35,13.575,12.9,13.3,299100
EPZM,16-Aug-2017,13.3,13.9,12.9,13.85,396800
EPZM,17-Aug-2017,13.85,14.45,13.65,14.1,378100
EPZM,18-Aug-2017,13.95,14.35,13.825,14.05,496200
EPZM,21-Aug-2017,14,14.65,13.8,14.55,480500
EPZM,22-Aug-2017,14.65,15.47,14.5,15.3,494800
EPZM,23-Aug-2017,15.15,15.85,15.15,15.75,475200
EPZM,24-Aug-2017,15.75,16.35,15.4,15.95,460500
EPZM,25-Aug-2017,16.25,16.95,16,16.5,495300
EPZM,28-Aug-2017,16.6,17.35,16.35,16.5,493600
EPZM,29-Aug-2017,16.3,17.4,16.15,17.25,818900
EPZM,30-Aug-2017,17.2,17.5,16.71,17.1,335800
EPZM,31-Aug-2017,17.25,17.7,17.1,17.35,470900
EPZM,01-Sep-2017,17.2,17.75,17,17.35,388800
EPZM,04-Sep-2017,17.35,17.35,17.35,17.35,0
EPZM,05-Sep-2017,17.45,17.45,16.6,17.35,381700
EPZM,06-Sep-2017,17.5,17.8,17.2,17.55,271300
EPZM,07-Sep-2017,17.5,18.7,17.3,18.4,396100
EPZM,08-Sep-2017,18.25,18.75,18,18.65,274100
EPZM,11-Sep-2017,18.8,18.8,17.84,18.25,483800
EPZM,12-Sep-2017,18.2,18.4,16.825,17.1,594800
EPZM,13-Sep-2017,17.1,17.275,15.95,15.95,409500
EPZM,14-Sep-2017,14.7,16.2,14.7,16,4884700
EPZM,15-Sep-2017,16.15,17.55,15.95,17.2,1900500
EPZM,18-Sep-2017,17.1,18.5,17.1,17.85,880800
EPZM,19-Sep-2017,18.25,19.6,17.9,19.25,1320000
EPZM,20-Sep-2017,19.35,20,18.3,18.7,1082300
EPZM,21-Sep-2017,18.7,19.05,18.48,18.7,476500
EPZM,22-Sep-2017,18.6,18.75,16.95,16.95,1019000
EPZM,25-Sep-2017,17,17.105,16.4,16.5,563100
EPZM,26-Sep-2017,16.45,16.7,16.15,16.4,599200
EPZM,27-Sep-2017,16.55,17.3,16.25,17.25,1266900
EPZM,28-Sep-2017,17.25,18.25,16.9,18.2,783300
EPZM,29-Sep-2017,18.2,19.2,17.85,19.05,842000
EPZM,02-Oct-2017,19.2,20.45,19.05,20.1,733000
EPZM,03-Oct-2017,20.1,20.125,18.9,19.3,997400
EPZM,04-Oct-2017,19.1,19.7,18.8,18.85,444700
EPZM,05-Oct-2017,19,19,18.45,18.9,391700
EPZM,06-Oct-2017,19,19,18,18.55,559700
EPZM,09-Oct-2017,18.55,18.7,18,18,287800
EPZM,10-Oct-2017,18.1,18.3,17.75,17.95,360800
EPZM,11-Oct-2017,18.15,18.45,17.6,17.95,497800
EPZM,12-Oct-2017,17.9,18.25,17.4,17.7,470000
EPZM,13-Oct-2017,17.8,17.8,17.3,17.5,291000
EPZM,16-Oct-2017,17.5,18.1,17.15,17.7,663400
EPZM,17-Oct-2017,17.8,18.15,17.35,17.6,435200
EPZM,18-Oct-2017,17.6,17.7,17.2,17.4,259700
EPZM,19-Oct-2017,17.3,17.4,16.6,17.05,431200
EPZM,20-Oct-2017,17.2,17.45,16.6,17.05,433200
EPZM,23-Oct-2017,17.05,17.15,16.5,16.5,240300
EPZM,24-Oct-2017,16.5,16.7,16.075,16.1,459200
EPZM,25-Oct-2017,16.1,16.6,15.85,16.05,390600
EPZM,26-Oct-2017,15.95,16.35,15.55,16.05,550700
EPZM,27-Oct-2017,16.1,16.9,15.7,16.65,471500
EPZM,30-Oct-2017,16.4,16.95,16.4,16.8,428100
EPZM,31-Oct-2017,16.9,17.175,16.5,16.7,594700
EPZM,01-Nov-2017,16.95,16.95,15.55,16.15,510600
EPZM,02-Nov-2017,14.5,14.92,11.95,14.55,1947200
EPZM,03-Nov-2017,14.55,14.95,13.975,14.2,716100
EPZM,06-Nov-2017,14.3,14.5,14.05,14.25,441800
EPZM,07-Nov-2017,14.2,14.3,13.85,13.9,593200
EPZM,08-Nov-2017,13.95,14.05,13.55,13.65,318700
EPZM,09-Nov-2017,13.6,13.8,13.4,13.6,262700
EPZM,10-Nov-2017,13.5,14.3,13.5,14.25,335200
EPZM,13-Nov-2017,14.1,14.1,13.55,13.65,279700
EPZM,14-Nov-2017,13.55,13.6,12.7,12.8,364400
EPZM,15-Nov-2017,12.75,13,12.59,12.75,366500
EPZM,16-Nov-2017,12.9,13.35,12.75,12.9,555000
EPZM,17-Nov-2017,12.9,12.95,12.525,12.65,224100
EPZM,20-Nov-2017,12.6,12.95,12.35,12.8,272800
EPZM,21-Nov-2017,12.9,13.05,12.8,12.85,305500
EPZM,22-Nov-2017,12.9,13.05,12.6,12.7,265700
EPZM,23-Nov-2017,12.7,12.7,12.7,12.7,0
EPZM,24-Nov-2017,12.65,12.65,11.6,11.9,521700
EPZM,27-Nov-2017,11.9,12.15,11.55,12,545800
EPZM,28-Nov-2017,11.95,12.15,11.5,12.05,989300
EPZM,29-Nov-2017,12.15,12.32,11.45,11.55,402500
EPZM,30-Nov-2017,11.5,12.25,11.4,12,598800
EPZM,01-Dec-2017,12.05,12.95,12.05,12.6,395900
EPZM,04-Dec-2017,12.75,13.5,12.65,12.7,427700
EPZM,05-Dec-2017,12.6,13.15,12.35,12.35,332200
EPZM,06-Dec-2017,12.4,12.85,11.95,12.7,523300
EPZM,07-Dec-2017,12.8,13.1,12.5,13,488700
EPZM,08-Dec-2017,13.05,13.3,12.9,13.25,281200
EPZM,11-Dec-2017,13.45,13.55,12.65,12.85,410200
EPZM,12-Dec-2017,12.8,12.95,12.45,12.65,393200
EPZM,13-Dec-2017,12.7,13.35,12.7,13.25,290000
EPZM,14-Dec-2017,13.25,13.3,12.55,12.6,235500
EPZM,15-Dec-2017,12.65,12.95,12.25,12.7,1702800
EPZM,18-Dec-2017,12.7,12.95,12.2,12.35,673200
EPZM,19-Dec-2017,12.4,12.65,11.75,12,444500
EPZM,20-Dec-2017,12.1,12.15,11.35,11.55,372000
EPZM,21-Dec-2017,11.55,12,11.55,11.85,537200
EPZM,22-Dec-2017,11.9,12.7,11.75,12.4,572800
EPZM,25-Dec-2017,12.4,12.4,12.4,12.4,0
EPZM,26-Dec-2017,12.3,13.1,12.3,12.85,294900
EPZM,27-Dec-2017,12.85,13.15,12.77,13,231500
EPZM,28-Dec-2017,13,13.25,12.75,13,426000
EPZM,29-Dec-2017,13.1,13.2,12.5,12.55,493100
EPZM,01-Jan-2018,12.55,12.55,12.55,12.55,0
EPZM,02-Jan-2018,12.6,12.8,12.35,12.8,360100
EPZM,03-Jan-2018,12.9,13.3,12.775,12.95,341000
EPZM,04-Jan-2018,12.95,13.35,12.4,13.2,413700
EPZM,05-Jan-2018,13.3,14.55,13.225,14.4,760100
EPZM,08-Jan-2018,14.4,14.75,13,13.05,745700
EPZM,09-Jan-2018,13.05,13.325,12.4,12.5,384600
EPZM,10-Jan-2018,13.9,15,13,14.9,784600
EPZM,11-Jan-2018,15.35,15.7,14.3,15.55,812800
EPZM,12-Jan-2018,15.55,15.75,14.6,14.85,482600
EPZM,15-Jan-2018,14.85,14.85,14.85,14.85,0
EPZM,16-Jan-2018,15,15.14,13.95,13.95,627100
EPZM,17-Jan-2018,14.1,14.95,14.1,14.925,512700
EPZM,18-Jan-2018,14.95,15.15,14.65,14.9,378700
EPZM,19-Jan-2018,14.9,15.325,14.5,15.25,337700
EPZM,22-Jan-2018,15.4,16.4,15.25,16.4,666700
EPZM,23-Jan-2018,16.65,16.75,15.86,16.45,508500
EPZM,24-Jan-2018,16.65,17.95,16.25,17.15,418200
EPZM,25-Jan-2018,17.4,17.65,16.75,16.9,473900
EPZM,26-Jan-2018,16.9,17.35,16.5,16.6,317200
EPZM,29-Jan-2018,16.6,17,16.25,16.9,435700
EPZM,30-Jan-2018,16.6,17.55,16.2,17.25,424900
EPZM,31-Jan-2018,17.3,17.3,16,16.15,427400
EPZM,01-Feb-2018,16.45,16.725,15.95,16.45,1080600
EPZM,02-Feb-2018,16.4,17.35,16.275,16.85,373500
EPZM,05-Feb-2018,16.8,17.25,16,16.6,578900
EPZM,06-Feb-2018,16.3,16.95,15.6,16.5,420000
EPZM,07-Feb-2018,16.35,16.95,16.1,16.7,213100
EPZM,08-Feb-2018,16.8,17.15,15.9,15.9,344700
EPZM,09-Feb-2018,16,16.2,14.95,16,496200
EPZM,12-Feb-2018,16.05,17.15,15.8,16.8,442800
EPZM,13-Feb-2018,16.8,17.5,16.4,17.45,285400
EPZM,14-Feb-2018,17.3,19.3,17.15,19,526600
EPZM,15-Feb-2018,19.3,19.75,18.55,18.65,444200
EPZM,16-Feb-2018,18.45,18.85,18.05,18.15,300800
EPZM,19-Feb-2018,18.15,18.15,18.15,18.15,0
EPZM,20-Feb-2018,18,18.45,17.6,17.8,315200
EPZM,21-Feb-2018,17.85,18.25,17.3,17.35,319700
EPZM,22-Feb-2018,17.5,17.65,16.95,17.1,196100
EPZM,23-Feb-2018,17.15,17.65,16.55,17.6,222200
EPZM,26-Feb-2018,17.65,18.25,17.55,17.85,177500
EPZM,27-Feb-2018,17.8,18,17.35,17.4,129000
EPZM,28-Feb-2018,17.4,17.95,17.2,17.7,395800
EPZM,01-Mar-2018,17.45,17.8,17.1,17.65,422800
EPZM,02-Mar-2018,17.45,17.85,17.35,17.7,430400
EPZM,05-Mar-2018,17.75,18.25,17.35,17.5,351500
EPZM,06-Mar-2018,17.6,17.85,16.95,17.35,413400
EPZM,07-Mar-2018,17.15,17.3,16.75,17.1,462000
EPZM,08-Mar-2018,17.25,17.6,16.7,17.6,341200
EPZM,09-Mar-2018,17.6,18.15,17.05,18.1,402800
EPZM,12-Mar-2018,18.3,18.75,17.9,18.45,428400
EPZM,13-Mar-2018,18.85,21.4,17.95,19.05,1032100
EPZM,14-Mar-2018,19.7,20.06,19.1,19.65,552400
EPZM,15-Mar-2018,19.85,20.55,19.3,19.75,579500
EPZM,16-Mar-2018,19.75,20.225,18.55,18.75,1204300
EPZM,19-Mar-2018,18.6,19,18.25,18.65,425400
EPZM,20-Mar-2018,18.55,19.4,18.35,19,423800
EPZM,21-Mar-2018,18.9,19.35,18.8,19.3,233500
EPZM,22-Mar-2018,19.15,19.5,18.8,18.85,313000
EPZM,23-Mar-2018,18.8,19.2,18.55,18.55,246900
EPZM,26-Mar-2018,18.8,19.45,18.4,19.25,384400
EPZM,27-Mar-2018,19.25,19.55,17.75,17.8,320300
EPZM,28-Mar-2018,17.85,17.95,16.9,17.6,441600
EPZM,29-Mar-2018,17.85,18.05,17.3,17.75,371100
EPZM,30-Mar-2018,17.75,17.75,17.75,17.75,0
EPZM,02-Apr-2018,17.65,17.9,16.5,16.65,335200
EPZM,03-Apr-2018,16.85,17.3,16.3,16.95,262600
EPZM,04-Apr-2018,16.7,17.45,16.65,17.2,332800
EPZM,05-Apr-2018,17.15,17.15,15.9,16.35,566500
EPZM,06-Apr-2018,16,16.3,14.7,14.85,514300
EPZM,09-Apr-2018,15,15.22,13.7,13.775,549800
EPZM,10-Apr-2018,14.05,15.15,13.75,15.15,718200
EPZM,11-Apr-2018,15,16.275,14.9,16.1,545300
EPZM,12-Apr-2018,16.25,16.6,15.65,15.8,298300
EPZM,13-Apr-2018,15.8,15.8,15.25,15.55,179300
EPZM,16-Apr-2018,15.7,16.25,15.5,15.9,236000
EPZM,17-Apr-2018,16,16.75,15.95,16.65,197600
EPZM,18-Apr-2018,16.6,16.9,16.35,16.55,146900
EPZM,19-Apr-2018,16.65,16.845,16,16.05,194800
EPZM,20-Apr-2018,16,16.2,15.6,15.85,218800
EPZM,23-Apr-2018,15.95,16.35,15.2,15.3,467500
EPZM,24-Apr-2018,13.1,13.75,12.56,13,2277000
EPZM,25-Apr-2018,13.1,13.75,12.65,13.45,441600
EPZM,26-Apr-2018,13.4,13.75,13.155,13.4,222700
EPZM,27-Apr-2018,13.4,13.65,13.05,13.15,171600
EPZM,30-Apr-2018,13.25,13.795,12.75,12.85,373700
EPZM,01-May-2018,12.85,13.9,12.8,13.9,417800
EPZM,02-May-2018,13.8,14.2,13.2,13.8,265300
EPZM,03-May-2018,13.75,14.1,13.25,13.4,248500
EPZM,04-May-2018,13.4,13.95,13.3,13.7,286700
EPZM,07-May-2018,13.75,14.05,13.6,13.75,166400
EPZM,08-May-2018,13.8,14.25,13.2,14.2,420000
EPZM,09-May-2018,14.4,16,14.35,15.4,664200
EPZM,10-May-2018,15.45,15.55,14.7,14.9,242000
EPZM,11-May-2018,14.85,15.7,14.8,15.65,307500
EPZM,14-May-2018,15.7,16.1,15.5,16,334900
EPZM,15-May-2018,15.9,15.9,15.3,15.8,328300
EPZM,16-May-2018,15.7,16.4,15.35,16.25,545100
EPZM,17-May-2018,16.25,17.35,16.2,16.95,1119500
EPZM,18-May-2018,17.7,17.7,16.75,17,936500
EPZM,21-May-2018,17,17.195,16.753,17.05,377800
EPZM,22-May-2018,17.1,17.6,16.85,17.35,370500
EPZM,23-May-2018,17.35,18.3,17.35,18.15,353100
EPZM,24-May-2018,17.95,18.7,17.95,18.4,489000
EPZM,25-May-2018,18.3,18.65,17.9,18.45,316400
EPZM,28-May-2018,18.45,18.45,18.45,18.45,0
EPZM,29-May-2018,18.25,18.55,17.3,17.4,490500
EPZM,30-May-2018,17.55,18.55,17.55,17.9,359900
EPZM,31-May-2018,17.8,18.15,17.25,17.45,365300
EPZM,01-Jun-2018,17.75,18.05,17.1,17.2,438800
EPZM,04-Jun-2018,17.2,17.35,16.55,16.9,389500
EPZM,05-Jun-2018,16.9,17.2,16.3,16.5,294700
EPZM,06-Jun-2018,16.6,16.6,16.05,16.45,288000
EPZM,07-Jun-2018,16.55,17,15.85,15.95,201300
EPZM,08-Jun-2018,15.95,16.25,15.8,16,227700
EPZM,11-Jun-2018,16.15,16.25,15.8,16.15,894200
EPZM,12-Jun-2018,16.25,16.95,15.95,16.05,334000
EPZM,13-Jun-2018,16.05,16.3,15.625,15.7,190700
EPZM,14-Jun-2018,15.8,15.9,15.35,15.85,314200
EPZM,15-Jun-2018,15.8,16,14.85,14.95,1237600
EPZM,18-Jun-2018,14.8,15.05,14.5,14.85,396200
EPZM,19-Jun-2018,14.8,15.05,14.5,14.95,313900
EPZM,20-Jun-2018,15,16.1,14.75,15.9,1000900
EPZM,21-Jun-2018,15.95,15.95,14.95,15,328000
EPZM,22-Jun-2018,15,15.15,14.4,14.8,1141600
EPZM,25-Jun-2018,14.35,14.8,14.2,14.65,522500
EPZM,26-Jun-2018,14.75,14.95,14.15,14.45,257500
EPZM,27-Jun-2018,14.4,14.6,13.55,13.6,408800
EPZM,28-Jun-2018,13.65,13.9,12.9,13.25,438900
EPZM,29-Jun-2018,13.35,13.8,13.25,13.55,356400
EPZM,02-Jul-2018,13.4,13.8,13.25,13.6,197700
EPZM,03-Jul-2018,13.05,13.25,11.8,12.625,703600
EPZM,04-Jul-2018,12.625,12.625,12.625,12.625,0
EPZM,05-Jul-2018,12.65,12.95,12.3,12.4,740800
EPZM,06-Jul-2018,12.5,12.95,12.35,12.6,514600
EPZM,09-Jul-2018,12.8,13.5,12.55,13.35,504400
EPZM,10-Jul-2018,13.35,14.12,13.15,13.7,833900
EPZM,11-Jul-2018,13.55,13.75,13,13.3,708500
EPZM,12-Jul-2018,13.45,13.7,13.3,13.5,329500
EPZM,13-Jul-2018,13.45,13.7,13,13.3,131100
EPZM,16-Jul-2018,13.25,13.85,13.05,13.75,310700
EPZM,17-Jul-2018,13.75,13.8,13.4,13.6,207200
EPZM,18-Jul-2018,13.6,13.7,13.3,13.55,174200
EPZM,19-Jul-2018,13.45,13.65,13.25,13.55,233600
EPZM,20-Jul-2018,13.6,13.65,13.25,13.4,160800
EPZM,23-Jul-2018,13.35,13.45,13.05,13.35,151000
EPZM,24-Jul-2018,13.35,13.45,12.65,12.65,827200
EPZM,25-Jul-2018,12.7,13.5,12.7,12.95,522400
EPZM,26-Jul-2018,13,14.25,12.7,13.6,672100
EPZM,27-Jul-2018,13.5,13.5,12.4,12.45,432300
EPZM,30-Jul-2018,12.45,12.8,12.2,12.3,346500
EPZM,31-Jul-2018,12.25,13.1,12.25,12.9,431700
EPZM,01-Aug-2018,12.9,13.15,12.6,13,499500
EPZM,02-Aug-2018,12.6,12.75,8.61,9.9,2838800
EPZM,03-Aug-2018,9.9,9.95,9.45,9.55,910600
EPZM,06-Aug-2018,9.6,9.6,9.175,9.5,507600
EPZM,07-Aug-2018,9.45,10,9.45,9.65,314800
EPZM,08-Aug-2018,9.6,10,9.3,9.95,353600
EPZM,09-Aug-2018,10,10.38,9.8,10.05,183600
EPZM,10-Aug-2018,9.95,10.1,9.8,10.025,103000
EPZM,13-Aug-2018,10.1,10.15,9.85,10.05,261500
EPZM,14-Aug-2018,10.1,10.6,10.07,10.2,195200
EPZM,15-Aug-2018,10.05,10.9,9.9,10.75,469900
EPZM,16-Aug-2018,10.7,10.825,10.4,10.75,272700
EPZM,17-Aug-2018,10.7,10.8,10.45,10.55,241100
EPZM,20-Aug-2018,10.65,10.7,10.4,10.65,151200
EPZM,21-Aug-2018,10.65,11.15,10.6,11.1,259700
EPZM,22-Aug-2018,11.05,11.345,11.05,11.15,188000
EPZM,23-Aug-2018,11.15,11.4,11,11.35,233100
EPZM,24-Aug-2018,11.4,11.65,11.25,11.6,233900
EPZM,27-Aug-2018,11.7,12.1,11.65,11.9,276900
EPZM,28-Aug-2018,12,12,11.8,11.825,231100
EPZM,29-Aug-2018,11.8,11.95,11.55,11.7,199200
EPZM,30-Aug-2018,11.75,11.85,11.55,11.7,220400
EPZM,31-Aug-2018,11.75,11.9,11.55,11.8,343700
EPZM,03-Sep-2018,11.8,11.8,11.8,11.8,0
EPZM,04-Sep-2018,11.65,11.66,10.7,11.15,334500
EPZM,05-Sep-2018,11.1,11.1,10.65,10.65,261100
EPZM,06-Sep-2018,10.65,10.825,9.9,10,474700
EPZM,07-Sep-2018,9.85,10.25,9.7,10.15,407200
EPZM,10-Sep-2018,10.15,10.25,9.7,9.7,190200
EPZM,11-Sep-2018,9.75,9.85,9.5,9.65,250900
EPZM,12-Sep-2018,9.6,9.95,9.6,9.75,293100
EPZM,13-Sep-2018,9.8,10.25,9.75,10.2,1645300
EPZM,14-Sep-2018,10.2,10.65,9.925,10.15,347200
EPZM,17-Sep-2018,10.1,10.6,10,10.05,614300
EPZM,18-Sep-2018,10.05,10.4,9.7,9.9,523900
EPZM,19-Sep-2018,9.85,10.65,9.85,10.35,342600
EPZM,20-Sep-2018,10.25,10.5,10.15,10.45,375000
EPZM,21-Sep-2018,10.4,10.7,10.05,10.25,583300
EPZM,24-Sep-2018,11.45,11.76,10.1,10.25,1335200
EPZM,25-Sep-2018,10.3,10.55,9.75,10.4,710600
EPZM,26-Sep-2018,10.45,10.45,9.85,10.15,534400
EPZM,27-Sep-2018,10.2,10.5,10,10.2,363700
EPZM,28-Sep-2018,10.25,10.75,10.1,10.6,369000
EPZM,01-Oct-2018,10.6,11,10.29,10.44,419300
EPZM,02-Oct-2018,10.5,10.545,9.56,9.71,632900
EPZM,03-Oct-2018,9.34,9.69,9.035,9.38,2856300
EPZM,04-Oct-2018,9.5,9.5,9.09,9.24,552100
EPZM,05-Oct-2018,9.26,9.44,8.88,9,705600
EPZM,08-Oct-2018,9.2,9.77,9.1,9.24,810600
EPZM,09-Oct-2018,9.19,9.55,9.19,9.47,681300
EPZM,10-Oct-2018,9.48,10.02,9.4,9.51,1123000
EPZM,11-Oct-2018,9.46,9.78,9.21,9.25,594000
EPZM,12-Oct-2018,9.44,9.5,9.16,9.34,809500
EPZM,15-Oct-2018,9.3,9.46,9.06,9.25,531500
EPZM,16-Oct-2018,9.2,9.48,9.11,9.38,977200
EPZM,17-Oct-2018,9.37,9.39,8.69,8.83,1273500
EPZM,18-Oct-2018,8.9,8.97,8.52,8.8,714700
EPZM,19-Oct-2018,8.75,9.17,8.65,8.76,457000
EPZM,22-Oct-2018,8.82,8.995,7.96,8.28,698600
EPZM,23-Oct-2018,8.13,8.5,7.92,8.42,626100
EPZM,24-Oct-2018,8.46,8.75,7.74,7.76,565200
EPZM,25-Oct-2018,7.8,8.54,7.79,8.43,677000
EPZM,26-Oct-2018,8.26,9.1,8.21,8.93,632200
EPZM,29-Oct-2018,9.05,9.23,8.225,8.44,490300
EPZM,30-Oct-2018,8.37,8.8,8.19,8.37,385100
EPZM,31-Oct-2018,8.47,8.66,7.87,8.05,656400
EPZM,01-Nov-2018,8.1,8.565,8.1,8.42,621800
EPZM,02-Nov-2018,8.3,8.68,7.61,7.89,677000
EPZM,05-Nov-2018,7.89,7.99,7.41,7.78,682700
EPZM,06-Nov-2018,7.79,7.98,7.55,7.62,586500
EPZM,07-Nov-2018,7.7,8.05,7.63,7.92,531300
EPZM,08-Nov-2018,7.89,8.1,7.735,7.79,494800
EPZM,09-Nov-2018,7.73,7.94,7.51,7.75,582600
EPZM,12-Nov-2018,7.65,7.65,7.34,7.49,466100
EPZM,13-Nov-2018,7.54,7.92,7.47,7.58,479700
EPZM,14-Nov-2018,7.68,7.81,7.21,7.26,641700
EPZM,15-Nov-2018,7.27,7.67,7.27,7.51,451700
EPZM,16-Nov-2018,7.5,8.265,7.5,7.92,903800
EPZM,19-Nov-2018,7.82,8.16,7.44,7.5,637600
EPZM,20-Nov-2018,7.35,7.64,7.175,7.23,414300
EPZM,21-Nov-2018,7.29,7.4,6.9,7,585300
EPZM,22-Nov-2018,7,7,7,7,0
EPZM,23-Nov-2018,6.92,7.67,6.92,7.43,814300
EPZM,26-Nov-2018,7.44,7.71,7.38,7.6,400500
EPZM,27-Nov-2018,7.52,7.59,7.33,7.33,375100
EPZM,28-Nov-2018,7.38,7.66,7.16,7.66,458800
EPZM,29-Nov-2018,7.6,7.88,7.59,7.61,429900
EPZM,30-Nov-2018,7.58,7.7,7.4,7.42,470300
EPZM,03-Dec-2018,7.53,7.54,7.34,7.4,603900
EPZM,04-Dec-2018,7.42,7.6,6.71,6.73,920900
EPZM,05-Dec-2018,6.73,6.73,6.73,6.73,0
EPZM,06-Dec-2018,6.64,6.9,6.48,6.67,652700
EPZM,07-Dec-2018,6.67,6.99,6.42,6.45,532800
EPZM,10-Dec-2018,6.5,6.83,6.3,6.73,630200
EPZM,11-Dec-2018,6.8,6.84,6.46,6.47,725400
EPZM,12-Dec-2018,6.55,6.55,6.17,6.31,609400
EPZM,13-Dec-2018,6.28,6.35,5.86,5.9,763400
EPZM,14-Dec-2018,5.88,6.11,5.81,5.88,915200
EPZM,17-Dec-2018,5.89,6.28,5.64,5.94,776900
EPZM,18-Dec-2018,6,6.15,5.56,5.65,733300
EPZM,19-Dec-2018,5.65,5.88,5.34,5.48,606400
EPZM,20-Dec-2018,5.4,5.58,5.22,5.28,1004400
EPZM,21-Dec-2018,5.32,5.48,5.14,5.22,3427100
EPZM,24-Dec-2018,5.14,5.46,5.14,5.36,308900
EPZM,25-Dec-2018,5.36,5.36,5.36,5.36,0
EPZM,26-Dec-2018,5.4,5.8,5.32,5.78,620600
EPZM,27-Dec-2018,5.7,6.03,5.48,5.68,778500
EPZM,28-Dec-2018,5.65,6.21,5.64,6.04,565800
EPZM,31-Dec-2018,6.04,6.265,5.88,6.16,863800
EPZM,01-Jan-2019,6.16,6.16,6.16,6.16,0
EPZM,02-Jan-2019,6.05,6.69,5.81,6.67,699600
EPZM,03-Jan-2019,6.62,6.7,5.95,5.98,520500
EPZM,04-Jan-2019,7.26,8.19,6.4,7.94,5089400
EPZM,07-Jan-2019,8.53,9.63,8.12,8.4,3806000
EPZM,08-Jan-2019,8.76,9.25,8.23,9.08,1809300
EPZM,09-Jan-2019,9.1,9.97,9.06,9.75,1192600
EPZM,10-Jan-2019,9.69,10.23,9.17,10.07,960600
EPZM,11-Jan-2019,9.96,10.41,9.79,10.31,688700
EPZM,14-Jan-2019,10.21,10.47,9.9,9.91,842500
EPZM,15-Jan-2019,9.93,10.08,9.5,9.8,671200
EPZM,16-Jan-2019,9.8,10.11,9.5,9.64,430900
EPZM,17-Jan-2019,9.56,9.61,9.28,9.56,438500
EPZM,18-Jan-2019,9.59,9.78,9.37,9.56,542300
EPZM,21-Jan-2019,9.56,9.56,9.56,9.56,0
EPZM,22-Jan-2019,9.49,9.58,8.82,9.15,940700
EPZM,23-Jan-2019,9.24,9.35,8.8,9.01,970300
EPZM,24-Jan-2019,9.02,9.12,8.84,9.12,702700
EPZM,25-Jan-2019,9.15,9.69,9.11,9.66,496900
EPZM,28-Jan-2019,9.55,9.55,8.98,9.04,633900
EPZM,29-Jan-2019,9.06,9.59,9.04,9.55,435500
EPZM,30-Jan-2019,9.57,10.19,9.38,10.18,802300
EPZM,31-Jan-2019,10.21,10.38,9.94,10.22,525200
EPZM,01-Feb-2019,10.2,10.76,10.04,10.67,995300
EPZM,04-Feb-2019,10.7,11.43,10.5,11.26,1107600
EPZM,05-Feb-2019,11.26,11.7,11.11,11.53,1150200
EPZM,06-Feb-2019,11.54,11.79,11.31,11.72,763900
EPZM,07-Feb-2019,11.63,11.75,11.25,11.7,730400
EPZM,08-Feb-2019,11.69,11.96,11.42,11.91,562800
EPZM,11-Feb-2019,12,12.4,11.81,12.36,1021800
EPZM,12-Feb-2019,12.43,13.09,12.38,12.63,748300
EPZM,13-Feb-2019,12.72,13.06,12.12,12.6,620400
EPZM,14-Feb-2019,12.59,12.62,12.12,12.47,421500
EPZM,15-Feb-2019,12.52,12.89,12.34,12.89,414100
EPZM,18-Feb-2019,12.89,12.89,12.89,12.89,0
EPZM,19-Feb-2019,12.86,13.07,12.15,12.18,586100
EPZM,20-Feb-2019,12.23,12.33,11.83,12.22,567700
EPZM,21-Feb-2019,12.16,12.2,11.67,11.72,424000
EPZM,22-Feb-2019,11.67,12.24,11.67,11.85,731200
EPZM,25-Feb-2019,11.95,12.45,11.95,12.28,509500
EPZM,26-Feb-2019,12.76,14.95,12.76,13.76,1646100
EPZM,27-Feb-2019,13.75,14.33,13.35,13.98,1188800
EPZM,28-Feb-2019,13.87,13.9,12.55,12.96,1048200
EPZM,01-Mar-2019,12.9,13.44,12.605,12.87,855700
EPZM,04-Mar-2019,12.96,13.28,12.53,12.69,746800
EPZM,05-Mar-2019,12.62,12.85,12.24,12.29,1156500
EPZM,06-Mar-2019,12.28,12.44,11.96,12.03,671600
EPZM,07-Mar-2019,11.64,12.4702,11.46,12.04,4082100
EPZM,08-Mar-2019,11.89,12.02,11.46,11.94,959000
EPZM,11-Mar-2019,11.98,12.45,11.7,12.34,561400
EPZM,12-Mar-2019,12.4,12.92,12.19,12.7,375400
EPZM,13-Mar-2019,12.75,12.99,12.6,12.86,371000
EPZM,14-Mar-2019,12.87,12.99,12.585,12.77,620200
EPZM,15-Mar-2019,12.8,13.1,12.07,12.23,1896400
EPZM,18-Mar-2019,12.24,12.65,12.08,12.27,444200
EPZM,19-Mar-2019,12.35,12.59,11.88,12.08,1119600
EPZM,20-Mar-2019,12.07,12.24,11.64,11.96,829600
EPZM,21-Mar-2019,11.87,12.28,11.62,12.21,1235300
EPZM,22-Mar-2019,12.13,12.16,11.42,11.44,893800
EPZM,25-Mar-2019,11.44,11.7,11.2,11.6,491200
EPZM,26-Mar-2019,11.68,12.09,11.59,11.85,437100
EPZM,27-Mar-2019,11.85,12.08,11.62,11.97,387600
EPZM,28-Mar-2019,11.98,12.3,11.96,12.15,443500
EPZM,29-Mar-2019,12.24,12.53,12.24,12.39,784200
EPZM,01-Apr-2019,12.53,12.64,12.24,12.59,728200
EPZM,02-Apr-2019,12.64,13.0147,12.59,12.93,584300
EPZM,03-Apr-2019,13.04,13.6,12.85,12.93,434500
EPZM,04-Apr-2019,12.9,13.26,12.75,12.93,713900
EPZM,05-Apr-2019,13.02,13.79,12.95,13.64,811700
EPZM,08-Apr-2019,13.51,13.97,13.31,13.52,663300
EPZM,09-Apr-2019,13.5,13.88,13.43,13.47,869000
EPZM,10-Apr-2019,13.52,13.68,13.1,13.22,468100
EPZM,11-Apr-2019,13.24,13.47,12.93,13.26,389600
EPZM,12-Apr-2019,13.39,13.47,12.855,13.04,491500
EPZM,15-Apr-2019,13,13.2,12.71,13.16,335900
EPZM,16-Apr-2019,13.25,13.54,13.13,13.24,865100
EPZM,17-Apr-2019,13.26,13.26,12.2,12.62,817100
EPZM,18-Apr-2019,12.59,12.9299,12.27,12.68,972100
EPZM,19-Apr-2019,12.68,12.68,12.68,12.68,0
EPZM,22-Apr-2019,12.68,12.97,12.34,12.68,244200
EPZM,23-Apr-2019,12.7,12.93,12.445,12.7,1256400
EPZM,24-Apr-2019,12.76,12.84,12.3,12.53,460100
EPZM,25-Apr-2019,12.48,12.79,12.465,12.58,255700
EPZM,26-Apr-2019,12.6,12.71,12.45,12.61,411800
EPZM,29-Apr-2019,12.59,12.78,12.55,12.59,720900
EPZM,30-Apr-2019,12.62,12.7591,12.23,12.41,1187200
EPZM,01-May-2019,12.41,12.51,12.01,12.02,979400
EPZM,02-May-2019,11.96,12.43,11.72,11.91,428200
EPZM,03-May-2019,11.88,12.16,11.75,12.1,624700
EPZM,06-May-2019,11.83,12.78,11.83,12.55,980800
EPZM,07-May-2019,12.54,12.79,12.15,12.28,762400
EPZM,08-May-2019,12.28,12.85,12.05,12.23,748300
EPZM,09-May-2019,12.1,12.2,11.66,12.02,488000
EPZM,10-May-2019,11.94,12.15,11.6,12.12,784800
EPZM,13-May-2019,11.82,12.04,11.76,11.76,572300
EPZM,14-May-2019,11.85,12,11.47,11.52,683800
EPZM,15-May-2019,11.35,11.59,11.23,11.46,1056000
EPZM,16-May-2019,11.28,12.42,11.28,12.32,841400
EPZM,17-May-2019,12.14,12.5,12.09,12.12,556900
EPZM,20-May-2019,12.01,12.265,11.43,11.43,504400
EPZM,21-May-2019,11.51,12.6,11.29,12.58,1638700
EPZM,22-May-2019,12.56,13.03,12.52,12.86,627081
EPZM,23-May-2019,12.68,12.7763,12.09,12.46,557100
EPZM,24-May-2019,12.55,13.05,12.415,12.93,1054700
EPZM,27-May-2019,12.93,12.93,12.93,12.93,0
EPZM,28-May-2019,12.96,13.5,12.9,13.38,648500
EPZM,29-May-2019,13.19,13.78,13.1,13.65,1550400
EPZM,30-May-2019,13.85,14.78,13.85,13.93,923400
EPZM,31-May-2019,13.85,14.28,13.7,13.74,488000
EPZM,03-Jun-2019,13.76,14.18,13.63,13.89,1055900
EPZM,04-Jun-2019,14.09,14.12,13.37,13.62,714400
EPZM,05-Jun-2019,13.65,13.69,13.16,13.43,1030000
EPZM,06-Jun-2019,13.49,13.83,13.15,13.49,889400
EPZM,07-Jun-2019,13.49,14.24,13.3638,14.22,744300
EPZM,10-Jun-2019,14.35,14.47,14.07,14.31,625700
EPZM,11-Jun-2019,14.43,14.81,13.99,14.03,897500
EPZM,12-Jun-2019,14.01,14.065,12.0102,12.1,1910900
EPZM,13-Jun-2019,12.1,12.56,11.81,12,1153200
EPZM,14-Jun-2019,11.97,12.16,11.52,11.63,669300
EPZM,17-Jun-2019,11.75,12.44,11.75,12.42,1113700
EPZM,18-Jun-2019,12.5,13.1,12.45,13.05,752700
EPZM,19-Jun-2019,13.05,13.2777,12.79,13.25,643500
EPZM,20-Jun-2019,13.25,13.82,13.2,13.51,832800
EPZM,21-Jun-2019,13.67,15.13,13.46,14.97,2729200
EPZM,24-Jun-2019,15,16.59,14.91,15.12,1792300
EPZM,25-Jun-2019,14.92,14.92,13.15,13.29,2066900
EPZM,26-Jun-2019,13.32,13.71,12.58,12.85,1114000
EPZM,27-Jun-2019,12.83,12.96,12.12,12.2,1323200
EPZM,28-Jun-2019,12.18,12.62,11.95,12.55,3465100
EPZM,01-Jul-2019,12.78,13.215,12.71,12.96,1072900
EPZM,02-Jul-2019,13,13.27,12.54,13.12,716400
EPZM,03-Jul-2019,13.29,13.82,13.22,13.79,510600
EPZM,04-Jul-2019,13.79,13.79,13.79,13.79,0
EPZM,05-Jul-2019,13.7,13.74,13.25,13.36,439300
EPZM,08-Jul-2019,13.28,13.46,13.01,13.33,734800
EPZM,09-Jul-2019,13.31,13.99,13.22,13.75,475400
EPZM,10-Jul-2019,13.89,14.07,13.6,13.82,929900
EPZM,11-Jul-2019,13.85,13.85,13.2,13.54,490300
EPZM,12-Jul-2019,13.52,13.84,13.3,13.72,463800
EPZM,15-Jul-2019,13.74,13.74,13.38,13.65,457700
EPZM,16-Jul-2019,13.64,13.64,12.92,12.93,571300
EPZM,17-Jul-2019,12.93,12.95,12.46,12.57,597200
EPZM,18-Jul-2019,12.47,12.92,12.3275,12.78,583300
EPZM,19-Jul-2019,12.77,12.89,12.34,12.73,505100
EPZM,22-Jul-2019,12.72,13.15,12.655,13.11,266200
EPZM,23-Jul-2019,13.14,13.14,12.61,12.83,660000
EPZM,24-Jul-2019,12.75,13.63,12.7025,13.62,806900
EPZM,25-Jul-2019,13.5,13.89,12.09,13.5,1934000
EPZM,26-Jul-2019,13.65,13.72,13,13.41,665900
EPZM,29-Jul-2019,13.39,13.5,12.87,13.15,517200
EPZM,30-Jul-2019,13,13.61,12.9,13.6,567000
EPZM,31-Jul-2019,13.56,13.79,13.26,13.26,575400
EPZM,01-Aug-2019,13.17,13.415,12.81,13.02,572800
EPZM,02-Aug-2019,12.95,13.05,12.15,12.2,452200
EPZM,05-Aug-2019,12.05,12.12,11.22,11.24,770300
EPZM,06-Aug-2019,11.23,11.82,11.22,11.74,747000
EPZM,07-Aug-2019,11.63,12,11.23,11.9,593600
EPZM,08-Aug-2019,11.92,12.28,11.71,12.19,403600
EPZM,09-Aug-2019,11.92,12.425,11.35,11.5,524700
EPZM,12-Aug-2019,11.52,11.86,11.235,11.81,613800
EPZM,13-Aug-2019,11.72,12.79,11.72,12.74,554700
EPZM,14-Aug-2019,12.44,12.98,11.8609,12.77,605200
EPZM,15-Aug-2019,12.77,12.96,12.5,12.83,543800
EPZM,16-Aug-2019,12.99,13.73,12.82,13.72,531600
EPZM,19-Aug-2019,13.74,14.2,13.41,13.86,573700
EPZM,20-Aug-2019,13.88,13.96,13.3,13.51,363000
EPZM,21-Aug-2019,13.63,13.83,13.28,13.58,493800
EPZM,22-Aug-2019,13.57,13.6,13.02,13.28,499000
EPZM,23-Aug-2019,13.17,13.41,12.73,12.86,487000
EPZM,26-Aug-2019,13.1,13.1,12.73,12.93,388400
EPZM,27-Aug-2019,13.05,13.16,11.79,12.35,889100
EPZM,28-Aug-2019,12.35,12.77,12.215,12.75,361800
EPZM,29-Aug-2019,12.94,13.71,12.8,13.49,418500
EPZM,30-Aug-2019,13.51,13.6,12.78,12.97,309400
EPZM,02-Sep-2019,12.97,12.97,12.97,12.97,0
EPZM,03-Sep-2019,12.77,13.33,12.53,12.54,662300
EPZM,04-Sep-2019,12.67,12.76,12.07,12.55,539700
EPZM,05-Sep-2019,12.65,12.99,12.38,12.99,537900
EPZM,06-Sep-2019,13,13.56,12.81,13.04,526700
EPZM,09-Sep-2019,13.13,13.4,12.86,13.12,343000
EPZM,10-Sep-2019,13.04,13.37,12.94,13.02,642100
EPZM,11-Sep-2019,12.96,13.1,12.4,13,762600
EPZM,12-Sep-2019,13,13.1,11.89,12.14,1444100
EPZM,13-Sep-2019,12.21,12.58,11.96,11.96,1739000
EPZM,16-Sep-2019,11.88,12.39,11.88,12.19,953000
EPZM,17-Sep-2019,12.06,12.48,11.69,11.73,959800
EPZM,18-Sep-2019,11.73,11.91,11.33,11.74,1146800
EPZM,19-Sep-2019,11.76,11.88,11.0997,11.15,880100
EPZM,20-Sep-2019,11.11,11.32,10.85,11.06,1443700
EPZM,23-Sep-2019,11.03,11.41,11.03,11.085,551000
EPZM,24-Sep-2019,11.14,11.14,10.5,10.68,659300
EPZM,25-Sep-2019,10.69,10.9969,10.5,10.78,478300
EPZM,26-Sep-2019,10.76,10.83,10.23,10.25,552300
EPZM,27-Sep-2019,10.23,10.62,10.05,10.17,462900
EPZM,30-Sep-2019,10.23,10.42,9.89,10.315,615700
EPZM,01-Oct-2019,10.41,10.67,9.9,9.99,991600
EPZM,02-Oct-2019,9.94,10.4,9.81,10.33,793800
EPZM,03-Oct-2019,10.31,10.96,10.2833,10.78,652700
EPZM,04-Oct-2019,10.83,11.03,10.52,10.88,453900
EPZM,07-Oct-2019,10.85,11,10.275,10.32,579100
EPZM,08-Oct-2019,10.19,10.39,9.91,10.1,392600
EPZM,09-Oct-2019,10.24,10.44,9.73,9.77,420200
EPZM,10-Oct-2019,9.82,10.14,9.77,9.975,489500
EPZM,11-Oct-2019,10.11,10.31,9.98,10.03,886500
EPZM,14-Oct-2019,9.97,10.28,9.96,10.01,340500
EPZM,15-Oct-2019,10.06,10.27,9.88,10.27,375100
EPZM,16-Oct-2019,10.27,10.55,10.25,10.27,236200
EPZM,17-Oct-2019,10.32,10.57,10.305,10.47,281100
EPZM,18-Oct-2019,10.4,10.55,10.29,10.34,285100
EPZM,21-Oct-2019,10.47,10.76,10.37,10.74,313400
EPZM,22-Oct-2019,10.85,11.04,10.735,10.84,309400
EPZM,23-Oct-2019,10.8,10.92,10.71,10.85,236900
EPZM,24-Oct-2019,10.92,11.1,10.73,11,350900
EPZM,25-Oct-2019,10.98,11.14,10.54,10.6,555600
EPZM,28-Oct-2019,10.61,11.24,10.61,11.06,294500
EPZM,29-Oct-2019,11.1,11.15,10.51,10.55,319600
EPZM,30-Oct-2019,10.74,11.5875,10.7,11.56,1903000
EPZM,31-Oct-2019,11.66,11.85,11.3,11.51,1121300
EPZM,01-Nov-2019,11.63,12.04,11.54,11.85,1094500
EPZM,04-Nov-2019,12.41,13.3,12.2621,12.46,1346100
EPZM,05-Nov-2019,13.08,14.76,13,14.76,1823400
EPZM,06-Nov-2019,14.71,15.12,13.39,13.51,1175600
EPZM,07-Nov-2019,13.61,14.42,13.61,14.4,748300
EPZM,08-Nov-2019,14.39,15.2,13.95,15.18,722400
EPZM,11-Nov-2019,15.09,15.25,14.51,14.855,515300
EPZM,12-Nov-2019,14.87,15.12,14.71,15.03,450800
EPZM,13-Nov-2019,14.83,15.31,14.7,15.26,275000
EPZM,14-Nov-2019,15.22,15.43,15,15.26,338500
EPZM,15-Nov-2019,15.38,15.49,15.11,15.36,261700
EPZM,18-Nov-2019,15.4,15.5,15.21,15.42,748200
EPZM,19-Nov-2019,15.5,16.18,15.4,16.04,790900
EPZM,20-Nov-2019,15.99,16.74,15.77,16.66,916000
EPZM,21-Nov-2019,16.59,16.79,16.23,16.59,341500
EPZM,22-Nov-2019,16.62,16.99,16.3,16.42,659300
EPZM,25-Nov-2019,16.42,17,16.42,16.81,741000
EPZM,26-Nov-2019,16.81,16.98,16.5,16.61,528200
EPZM,27-Nov-2019,16.69,16.84,16.41,16.63,937100
EPZM,28-Nov-2019,16.63,16.63,16.63,16.63,0
EPZM,29-Nov-2019,16.56,16.8,16.35,16.52,311600
EPZM,02-Dec-2019,16.52,16.52,15,15.76,1288300
EPZM,03-Dec-2019,15.67,16.08,15.48,15.9,1041600
EPZM,04-Dec-2019,15.83,16.08,15.565,15.81,528400
EPZM,05-Dec-2019,15.81,15.84,15.12,15.3,485500
EPZM,06-Dec-2019,16.41,18.4,16.3,18.22,2446700
EPZM,09-Dec-2019,18.18,19.3,17.8162,18.59,1832800
EPZM,10-Dec-2019,18.55,19.11,18.39,18.81,1318400
EPZM,11-Dec-2019,18.92,19.07,18.02,18.1,553400
EPZM,12-Dec-2019,17.98,18.37,17.69,17.81,609900
EPZM,13-Dec-2019,17.56,18.06,17.5003,17.71,553900
EPZM,16-Dec-2019,16.41,18.45,16.2,18.34,1105300
EPZM,17-Dec-2019,18.53,18.71,17.87,18.19,928500
EPZM,18-Dec-2019,19.5001,25,19.5001,20.095,2700100
EPZM,19-Dec-2019,20.27,20.44,18.72,19.59,1507200
EPZM,20-Dec-2019,19.68,20.79,19.16,20.68,1748700
EPZM,23-Dec-2019,20.68,21.08,19.55,20.58,1320300
EPZM,24-Dec-2019,20.42,21.38,20.0201,21.33,307900
EPZM,25-Dec-2019,21.33,21.33,21.33,21.33,0
EPZM,26-Dec-2019,21.33,21.9,21,21.45,529200
EPZM,27-Dec-2019,21.21,22.75,21.02,22.62,1089400
EPZM,30-Dec-2019,23.03,23.26,21.6007,22.66,1822800
EPZM,31-Dec-2019,22.79,24.77,22.4,24.6,1375900
EPZM,01-Jan-2020,24.6,24.6,24.6,24.6,0
EPZM,02-Jan-2020,25.13,25.26,23,24.9,2206900
EPZM,03-Jan-2020,24.43,24.95,23.74,24.53,1225100
EPZM,06-Jan-2020,21.57,24.74,21.4,24.54,2792900
EPZM,07-Jan-2020,24.54,25.45,23.53,23.8,1539400
EPZM,08-Jan-2020,23.41,24.1899,22.55,24.04,1325100
EPZM,09-Jan-2020,24.13,24.79,23.96,24.34,706100
EPZM,10-Jan-2020,24.36,24.94,23.85,23.9,1589800
EPZM,13-Jan-2020,23.99,24.47,23.51,24.41,716600
EPZM,14-Jan-2020,24.26,25.63,24.04,25.28,948100
EPZM,15-Jan-2020,25.49,26.25,25.41,26.15,1383800
EPZM,16-Jan-2020,26.45,26.54,24.94,25.54,1189400
EPZM,17-Jan-2020,25.86,27.0499,25.7,26.72,1255600
EPZM,20-Jan-2020,26.72,26.72,26.72,26.72,0
EPZM,21-Jan-2020,27.67,27.82,25.855,26.015,1765600
EPZM,22-Jan-2020,26.3,26.58,25.4,25.51,1201800
EPZM,23-Jan-2020,26.05,27.03,25.59,26.72,2165200
EPZM,24-Jan-2020,24.67,25.13,22.12,22.4,3894500
EPZM,27-Jan-2020,20.32,22.4,20.26,21.36,1426300
EPZM,28-Jan-2020,21.43,22.01,20.72,21.81,1087600
EPZM,29-Jan-2020,21.98,22.51,21.44,22.2,743000
EPZM,30-Jan-2020,22.03,22.19,21,21.32,846700
EPZM,31-Jan-2020,21.34,21.34,20.4,20.93,890000
EPZM,03-Feb-2020,21.15,22.01,20.95,21.39,916800
EPZM,04-Feb-2020,21.92,22,20.7,21.62,1242800
EPZM,05-Feb-2020,21.86,22.29,21.67,21.89,491200
EPZM,06-Feb-2020,21.91,22.3,21.67,21.78,378600
EPZM,07-Feb-2020,21.62,21.73,20.96,21.35,346500
EPZM,10-Feb-2020,21.38,22.75,21.3175,22.28,840500
EPZM,11-Feb-2020,22.47,22.47,21.74,22.22,428600
EPZM,12-Feb-2020,22.38,22.83,21.8101,22.73,356100
EPZM,13-Feb-2020,22.53,22.9599,22.16,22.23,319100
EPZM,14-Feb-2020,22.83,24.39,22.65,24.26,951300
EPZM,17-Feb-2020,24.26,24.26,24.26,24.26,0
EPZM,18-Feb-2020,24.19,25.41,24.02,25.25,774700
EPZM,19-Feb-2020,25.29,25.98,25.05,25.18,863700
EPZM,20-Feb-2020,25.14,25.6,24.2555,25.48,577700
EPZM,21-Feb-2020,25.49,25.49,24.67,24.88,721800
EPZM,24-Feb-2020,21,22.44,20.55,21.64,1647400
EPZM,25-Feb-2020,22.18,22.95,21,21.49,1002600
EPZM,26-Feb-2020,21.67,22.81,20.88,21.64,1038100
EPZM,27-Feb-2020,21,21.38,20.02,20.47,826700
EPZM,28-Feb-2020,19.44,21.46,19,21.43,952000
EPZM,02-Mar-2020,21.69,23.23,20.86,22.99,1182000
EPZM,03-Mar-2020,23.01,23.01,20.585,20.72,1024200
EPZM,04-Mar-2020,21.59,22.55,21.52,22.3,1029500
EPZM,05-Mar-2020,21.75,23.61,21.68,22.71,810900
EPZM,06-Mar-2020,21.9,22.68,21.195,21.67,696700
EPZM,09-Mar-2020,19.93,20.88,19.51,20,956200
EPZM,10-Mar-2020,20.88,20.9,19.55,20.53,1314500
EPZM,11-Mar-2020,19.95,20.38,17.93,18.46,1135600
EPZM,12-Mar-2020,16.6,17.595,16,16.01,1166200
EPZM,13-Mar-2020,17.03,17.68,14.1,16.82,1362200
EPZM,16-Mar-2020,14.64,17.05,14.55,14.83,1258500
EPZM,17-Mar-2020,15.19,18,14.75,17.88,1331800
EPZM,18-Mar-2020,16.9,19.35,15.565,15.69,1279400
EPZM,19-Mar-2020,16.05,17.73,15.81,16.02,868800
EPZM,20-Mar-2020,16.26,16.4704,14.77,14.97,1486600
EPZM,23-Mar-2020,15.01,15.665,14.38,15.44,1128800
EPZM,24-Mar-2020,16.81,17.035,15.24,16.14,1113400
EPZM,25-Mar-2020,15.27,16.53,15.03,15.17,1175900
EPZM,26-Mar-2020,15.5,17.8097,15.41,17.71,1326900
EPZM,27-Mar-2020,16.93,18.22,16.74,17.78,1367500
EPZM,30-Mar-2020,17.78,18.07,16,16.53,697500
EPZM,31-Mar-2020,16.5,16.5,14.89,15.51,1285700
EPZM,01-Apr-2020,14.59,14.99,13.51,13.68,1832700
EPZM,02-Apr-2020,13.59,14.53,13.5,14.26,751200
EPZM,03-Apr-2020,14.3,14.37,13.77,13.9,688500
EPZM,06-Apr-2020,14.65,15.6,14.26,15.28,1069000
EPZM,07-Apr-2020,15.78,15.91,14.93,15.05,1346300
EPZM,08-Apr-2020,15.47,16.99,15.12,16.83,1226500
EPZM,09-Apr-2020,17.11,17.96,16.14,17.66,1200600
EPZM,10-Apr-2020,17.66,17.66,17.66,17.66,0
EPZM,13-Apr-2020,17.6,17.7,16.96,17.19,753000
EPZM,14-Apr-2020,17.88,18.59,17.58,18.43,767400
EPZM,15-Apr-2020,17.98,17.98,16.38,17,878300
EPZM,16-Apr-2020,17.17,17.37,16.63,17.07,458500
EPZM,17-Apr-2020,17.75,17.94,17.11,17.67,830500
EPZM,20-Apr-2020,17.55,19.23,17.32,18.51,773000
EPZM,21-Apr-2020,18.06,18.25,17.31,17.72,411800
EPZM,22-Apr-2020,18.26,18.26,17.66,17.95,467000
EPZM,23-Apr-2020,18.19,18.7,17.53,17.56,428800
EPZM,24-Apr-2020,17.67,18.27,17.34,18.08,534700
EPZM,27-Apr-2020,18.21,18.54,17.385,17.48,506900
EPZM,28-Apr-2020,17.95,17.95,17.23,17.57,482500
EPZM,29-Apr-2020,18.1,18.22,17.58,17.89,507300
EPZM,30-Apr-2020,17.77,17.77,16.46,16.46,717300
EPZM,01-May-2020,16.41,16.41,15.19,15.75,598300
EPZM,04-May-2020,16.25,16.8,15.43,16.59,937100
EPZM,05-May-2020,17.02,18.81,16.8,18.27,1609600
EPZM,06-May-2020,18.25,18.7648,17.82,17.92,815700
EPZM,07-May-2020,18.09,18.09,17.36,17.73,526900
EPZM,08-May-2020,18.04,18.11,17.2,17.31,534900
EPZM,11-May-2020,17.07,18.11,16.95,17.69,759000
EPZM,12-May-2020,17.88,18.565,17.3,17.56,721700
EPZM,13-May-2020,17.55,18,16.28,17.12,725700
EPZM,14-May-2020,16.64,17.1896,16.16,17.1,603800
EPZM,15-May-2020,16.99,17.76,16.54,17.72,755000
EPZM,18-May-2020,18.33,19.62,18.28,18.75,893500
EPZM,19-May-2020,18.75,19.33,18.14,18.14,571200
EPZM,20-May-2020,18.56,19.03,18.38,18.95,663200
EPZM,21-May-2020,18.99,18.99,18.37,18.47,514800
EPZM,22-May-2020,18.37,18.805,18.3,18.58,604300
EPZM,25-May-2020,18.58,18.58,18.58,18.58,0
EPZM,26-May-2020,19.12,19.75,18.84,19.02,757700
EPZM,27-May-2020,19.51,19.76,18.2338,18.84,1040400
EPZM,28-May-2020,19.02,19.21,18.36,18.41,650100
EPZM,29-May-2020,18.35,18.46,16.55,17.55,1053000
EPZM,01-Jun-2020,17.62,17.705,17.06,17.12,803900
EPZM,02-Jun-2020,17.8,17.8,16.93,17.46,744100
EPZM,03-Jun-2020,17.56,18,17.41,17.43,730400
EPZM,04-Jun-2020,17.45,18.12,16.87,17.11,830600
EPZM,05-Jun-2020,17.56,18.22,17.11,17.18,770400
EPZM,08-Jun-2020,17.56,17.64,17.0006,17.37,936400
EPZM,09-Jun-2020,17.25,18.1,17.16,17.8,721000
EPZM,10-Jun-2020,17.88,18.64,17.85,18.3,930900
EPZM,11-Jun-2020,17.49,18.25,17.03,17.05,1328100
EPZM,12-Jun-2020,17.46,17.59,16.18,17.35,1404900
EPZM,15-Jun-2020,17.16,19.5958,16.84,19.37,1399500
EPZM,16-Jun-2020,19.91,20.48,18.8501,19.3,1296000
EPZM,17-Jun-2020,19.25,19.75,18.86,19.52,865500
EPZM,18-Jun-2020,19.7,22,18.02,20.46,6255800
EPZM,19-Jun-2020,19.79,19.92,17.85,18.84,8146500
EPZM,22-Jun-2020,18.5,18.7,17.24,18.2,2036800
EPZM,23-Jun-2020,18.19,19.2,18.09,18.33,1750400
EPZM,24-Jun-2020,18.06,18.315,16.415,16.47,1438900
EPZM,25-Jun-2020,16.42,16.54,16.06,16.52,1216200
EPZM,26-Jun-2020,16.15,16.32,15.305,15.51,2865900
EPZM,29-Jun-2020,16.08,17.37,15.86,16.25,1617900
EPZM,30-Jun-2020,16.24,16.73,15.81,16.06,717000
EPZM,01-Jul-2020,16.13,16.49,15.65,15.81,1187200
EPZM,02-Jul-2020,15.98,16.1,15.505,15.82,738600
EPZM,03-Jul-2020,15.82,15.82,15.82,15.82,0
EPZM,06-Jul-2020,15.9,15.9626,15.61,15.81,736400
EPZM,07-Jul-2020,15.69,16.68,15.57,16.13,782100
EPZM,08-Jul-2020,16.21,16.29,15.83,16.25,660100
EPZM,09-Jul-2020,16.11,16.26,15.01,15.17,1233100
EPZM,10-Jul-2020,15.1,15.21,14.75,15.16,866600
EPZM,13-Jul-2020,15.27,16.13,14.87,14.97,1156200
EPZM,14-Jul-2020,14.99,15.1481,14.48,14.79,1241200
EPZM,15-Jul-2020,14.99,15.36,14.79,14.885,746700
EPZM,16-Jul-2020,14.72,14.73,14.27,14.62,724700
EPZM,17-Jul-2020,14.6,14.83,14.24,14.27,966200
EPZM,20-Jul-2020,14.27,14.675,13.845,14.63,893900
EPZM,21-Jul-2020,14.95,15.2401,14.22,14.69,1500300
EPZM,22-Jul-2020,14.61,14.8,14.25,14.66,1107400
EPZM,23-Jul-2020,14.6,14.76,14.03,14.18,740900
EPZM,24-Jul-2020,13.93,14.61,13.75,14.33,832200
EPZM,27-Jul-2020,14.24,14.925,14.22,14.81,647100
EPZM,28-Jul-2020,14.79,14.85,14.28,14.47,545700
EPZM,29-Jul-2020,14.57,14.74,13.94,13.98,739900
EPZM,30-Jul-2020,13.8,14.25,13.52,14.01,787100
EPZM,31-Jul-2020,13.95,14.02,13.59,13.84,1506700
EPZM,03-Aug-2020,13.92,14.56,13.51,14.37,1313400
EPZM,04-Aug-2020,14.17,14.37,12.285,12.3,3190500
EPZM,05-Aug-2020,12.37,13.35,12.34,13.03,1613600
EPZM,06-Aug-2020,12.96,13.1,12.74,12.835,829700
EPZM,07-Aug-2020,12.78,13.01,12.5,12.87,712100
EPZM,10-Aug-2020,12.85,13.12,12.62,12.71,622500
EPZM,11-Aug-2020,12.84,13.06,12.61,12.69,828900
EPZM,12-Aug-2020,12.55,12.9899,12.55,12.74,1051700
EPZM,13-Aug-2020,12.7,12.95,12.56,12.71,733600
EPZM,14-Aug-2020,12.74,12.86,12.41,12.63,573100
EPZM,17-Aug-2020,12.52,12.82,12.46,12.54,824900
EPZM,18-Aug-2020,12.54,12.557,11.91,12.13,1162800
EPZM,19-Aug-2020,12.1953,12.82,11.961,12.64,1300800
EPZM,20-Aug-2020,12.55,13.1,12.44,12.88,973700
EPZM,21-Aug-2020,12.83,12.88,12.4,12.5,366800
EPZM,24-Aug-2020,12.55,12.84,12.24,12.81,728500
EPZM,25-Aug-2020,12.8,13,12.64,12.83,431600
EPZM,26-Aug-2020,12.76,12.81,12.07,12.24,533700
EPZM,27-Aug-2020,12.26,12.28,11.9204,12.16,405300
EPZM,28-Aug-2020,12.3,12.61,12.09,12.57,590100
EPZM,31-Aug-2020,12.66,13.28,12.35,13,907300
EPZM,01-Sep-2020,12.86,13.01,12.47,12.79,1050800
EPZM,02-Sep-2020,12.88,13.18,12.42,13.11,716100
EPZM,03-Sep-2020,13.1,13.28,12.48,12.64,619400
EPZM,04-Sep-2020,12.82,12.975,12.23,12.78,523900
EPZM,07-Sep-2020,12.78,12.78,12.78,12.78,0
EPZM,08-Sep-2020,12.62,13.12,12.44,12.67,770500
EPZM,09-Sep-2020,12.85,13.02,12.6,12.7,496600
EPZM,10-Sep-2020,12.72,13.03,12.05,12.14,855600
EPZM,11-Sep-2020,12.31,12.38,11.81,12,624600
EPZM,14-Sep-2020,12.27,13.48,12.23,13.02,1558900
EPZM,15-Sep-2020,13.14,13.25,12.495,12.56,808900
EPZM,16-Sep-2020,12.65,13.0772,12.52,12.76,1018800
EPZM,17-Sep-2020,12.59,13.27,12.57,13.12,824900
EPZM,18-Sep-2020,13,13.59,12.97,13.26,2854800
EPZM,21-Sep-2020,13,13.04,12.03,12.81,1510300
EPZM,22-Sep-2020,12.81,13.02,12.21,12.66,1236400
EPZM,23-Sep-2020,12.65,12.84,11.92,11.94,574700
EPZM,24-Sep-2020,11.95,12.06,11.52,11.73,681400
EPZM,25-Sep-2020,11.68,12.105,11.61,11.94,737000
EPZM,28-Sep-2020,12,12.22,11.75,12.17,588900
EPZM,29-Sep-2020,12.19,12.36,11.9001,12.03,678400
EPZM,30-Sep-2020,12.09,12.2,11.77,11.93,982100
EPZM,01-Oct-2020,12,12.1,11.3,11.51,1002100
EPZM,02-Oct-2020,11.3,11.78,11.03,11.03,586500
EPZM,05-Oct-2020,11.25,12.33,11.25,12.19,1527300
EPZM,06-Oct-2020,12.47,12.61,11.94,12.06,1006700
EPZM,07-Oct-2020,12.18,12.65,12.18,12.61,508800
EPZM,08-Oct-2020,12.73,12.85,12.3,12.49,485000
EPZM,09-Oct-2020,12.52,12.89,12.25,12.45,561000
EPZM,12-Oct-2020,12.53,12.89,12.35,12.46,519400
EPZM,13-Oct-2020,12.37,12.67,12.26,12.48,392800
EPZM,14-Oct-2020,12.5,12.94,12.42,12.79,881400
EPZM,15-Oct-2020,12.53,13.16,12.48,13.05,530500
EPZM,16-Oct-2020,12.86,13.48,12.82,13.38,825100
EPZM,19-Oct-2020,13.48,13.85,13.35,13.69,1474700
EPZM,20-Oct-2020,13.85,14.1,13.68,13.77,1395700
EPZM,21-Oct-2020,13.71,13.9688,13.29,13.4,1529900
EPZM,22-Oct-2020,13.44,13.74,13.1,13.57,798600
EPZM,23-Oct-2020,13.7,13.81,13.13,13.32,824700
EPZM,26-Oct-2020,13.24,13.385,12.58,12.63,798500
EPZM,27-Oct-2020,12.57,13.13,12.4,12.96,592700
EPZM,28-Oct-2020,12.6,12.74,12.2,12.42,518600
EPZM,29-Oct-2020,12.4,12.81,12.1853,12.62,686800
EPZM,30-Oct-2020,12.46,12.645,11.8,12.36,746800
EPZM,02-Nov-2020,12.56,12.82,12.23,12.53,560200
EPZM,03-Nov-2020,12.74,12.95,12.41,12.78,640500
EPZM,04-Nov-2020,12.7,13.81,12.7,13.1,754800
EPZM,05-Nov-2020,13,13.69,12.76,13.55,687800
EPZM,06-Nov-2020,10.48,11.365,9.9,10.34,3970700
EPZM,09-Nov-2020,10.74,11.84,10.71,11.45,1949800
EPZM,10-Nov-2020,11.91,12.39,11.35,12.18,1134700
EPZM,11-Nov-2020,12.25,12.45,11.64,11.75,745600
EPZM,12-Nov-2020,11.68,11.77,11.1,11.23,782500
EPZM,13-Nov-2020,11.66,12,11.46,11.79,1186600
EPZM,16-Nov-2020,12.24,12.24,11.515,11.85,772200
EPZM,17-Nov-2020,11.8,11.84,11.37,11.51,605400
EPZM,18-Nov-2020,11.54,12,11.28,11.28,1085200
EPZM,19-Nov-2020,11.26,11.53,11.06,11.32,654800
EPZM,20-Nov-2020,11.16,11.47,11.08,11.32,561300
EPZM,23-Nov-2020,11.52,11.68,11.27,11.41,823900
EPZM,24-Nov-2020,11.44,12.22,11.39,11.8,741900
EPZM,25-Nov-2020,11.84,12.05,11.76,11.85,446600
EPZM,26-Nov-2020,11.85,11.85,11.85,11.85,0
EPZM,27-Nov-2020,12.03,12.25,11.87,12.13,300700
EPZM,30-Nov-2020,13.81,13.95,12.63,13.74,1891500
EPZM,01-Dec-2020,14.16,14.3,13.1701,13.31,935700
EPZM,02-Dec-2020,13.28,13.76,13.18,13.38,1079500
EPZM,03-Dec-2020,13.54,13.582,12.88,13,1004800
EPZM,04-Dec-2020,13.08,13.37,12.81,13.09,676800
EPZM,07-Dec-2020,13.2,13.31,12.13,12.2,1406900
EPZM,08-Dec-2020,12.15,12.55,11.95,12.47,928100
EPZM,09-Dec-2020,12.49,12.72,11.97,12.1,913100
EPZM,10-Dec-2020,12.1,12.7,11.93,12.32,711200
EPZM,11-Dec-2020,12.4,12.73,12.2,12.5,718400
EPZM,14-Dec-2020,12.74,13.3,12.52,13.05,1092100
EPZM,15-Dec-2020,13.21,13.21,12.5,13.01,764100
EPZM,16-Dec-2020,13.12,13.12,12.44,12.5,620000
EPZM,17-Dec-2020,12.5,12.75,12.15,12.74,733700
EPZM,18-Dec-2020,12.86,13.1,12.2,12.39,3008500
EPZM,21-Dec-2020,11.9,12.17,11.42,12.06,1878900
EPZM,22-Dec-2020,12.05,12.35,11.76,12.01,3924700
EPZM,23-Dec-2020,12.13,12.17,11.76,11.81,623500
EPZM,24-Dec-2020,11.64,12.07,11.6,11.75,349700
EPZM,25-Dec-2020,11.75,11.75,11.75,11.75,0
EPZM,28-Dec-2020,11.97,12.22,11.77,11.78,1231700
EPZM,29-Dec-2020,11.85,11.88,11.47,11.49,980200
EPZM,30-Dec-2020,11.55,11.83,11.5,11.57,974200
EPZM,31-Dec-2020,11.5,11.5,10.84,10.86,1109900
EPZM,01-Jan-2021,10.86,10.86,10.86,10.86,0
EPZM,04-Jan-2021,10.89,11.02,10.62,10.71,725400
EPZM,05-Jan-2021,10.77,12.16,10.67,11.57,1956700
EPZM,06-Jan-2021,11.5221,11.95,11.22,11.67,966400
EPZM,07-Jan-2021,11.72,12.37,11.69,11.985,640600
EPZM,08-Jan-2021,11.98,12.55,11.95,12.32,623300
EPZM,11-Jan-2021,12.27,12.41,11.79,12.08,463200
EPZM,12-Jan-2021,12.15,12.35,11.94,12.15,543100
EPZM,13-Jan-2021,12.15,12.15,11.49,11.53,752200
EPZM,14-Jan-2021,11.62,11.99,11.55,11.96,657900
EPZM,15-Jan-2021,11.91,12.24,11.7,11.725,431200
EPZM,18-Jan-2021,11.725,11.725,11.725,11.725,0
EPZM,19-Jan-2021,11.8,11.99,11.48,11.81,521000
EPZM,20-Jan-2021,11.9,12.69,11.61,12.25,1349000
EPZM,21-Jan-2021,12.32,12.39,11.39,11.39,718600
EPZM,22-Jan-2021,11.35,11.518,11.07,11.45,678100
EPZM,25-Jan-2021,11.41,12.02,11.26,12.02,814000
EPZM,26-Jan-2021,12.02,12.33,11.71,11.84,614300
EPZM,27-Jan-2021,11.54,12.37,11.33,11.79,963000
EPZM,28-Jan-2021,11.9,12,11.3,11.37,724100
EPZM,29-Jan-2021,11.37,11.9,10.91,10.95,894100
EPZM,01-Feb-2021,11.18,11.19,10.7,11.02,580300
EPZM,02-Feb-2021,11.3,11.72,11.18,11.23,1676800
EPZM,03-Feb-2021,11.22,11.72,11.1,11.26,701000
EPZM,04-Feb-2021,11.21,11.64,11.12,11.47,509400
EPZM,05-Feb-2021,11.66,11.88,10.97,11,1023000
EPZM,08-Feb-2021,11.12,11.64,10.8608,11.615,1024000
EPZM,09-Feb-2021,11.68,12.1,11.46,11.59,746500
EPZM,10-Feb-2021,11.79,11.8,11.02,11.14,654200
EPZM,11-Feb-2021,11.32,11.32,10.7,10.79,742500
EPZM,12-Feb-2021,10.79,10.96,10.64,10.74,505100
EPZM,15-Feb-2021,10.74,10.74,10.74,10.74,0
EPZM,16-Feb-2021,10.79,10.86,10.37,10.71,952800
EPZM,17-Feb-2021,10.75,11.16,10.5,11.05,843800
EPZM,18-Feb-2021,10.93,10.95,10.56,10.67,624100
EPZM,19-Feb-2021,10.73,10.93,10.45,10.6,720100
EPZM,22-Feb-2021,10.56,10.9,10.24,10.69,866900
EPZM,23-Feb-2021,10.07,10.97,10.05,10.41,1484100
EPZM,24-Feb-2021,10.36,10.62,10.01,10.19,994900
EPZM,25-Feb-2021,10,10.26,9.65,9.66,1409600
EPZM,26-Feb-2021,9.72,9.86,9.42,9.59,1159500
EPZM,01-Mar-2021,9.54,9.86,9.49,9.78,887200
EPZM,02-Mar-2021,9.78,9.93,9.52,9.55,811500
EPZM,03-Mar-2021,9.51,9.69,9.17,9.26,1143200
EPZM,04-Mar-2021,9.27,9.44,8.94,9.2,1161900
EPZM,05-Mar-2021,9.33,9.54,8.98,9.51,907200
EPZM,08-Mar-2021,9.54,9.69,8.95,8.97,1008900
EPZM,09-Mar-2021,9.1,9.39,8.95,9,1069900
EPZM,10-Mar-2021,9.19,9.23,8.78,9,916100
EPZM,11-Mar-2021,9.09,9.13,8.88,9.05,1296600
EPZM,12-Mar-2021,9.03,9.18,8.76,9.14,967000
EPZM,15-Mar-2021,9.32,9.55,8.87,9,1466200
EPZM,16-Mar-2021,9.36,9.41,8.79,9,2883800
EPZM,17-Mar-2021,8.98,9.29,8.77,9.23,1580600
EPZM,18-Mar-2021,9.1,9.3,8.87,8.88,1221900
EPZM,19-Mar-2021,8.86,9.05,8.6,8.98,4107700
EPZM,22-Mar-2021,8.91,9.15,8.89,8.99,717200
EPZM,23-Mar-2021,8.86,8.92,8.36,8.41,1739700
EPZM,24-Mar-2021,8.58,8.67,7.84,7.86,2231400
EPZM,25-Mar-2021,7.93,8.25,7.79,8.13,1789100
EPZM,26-Mar-2021,8.33,8.47,7.67,7.89,2176300
EPZM,29-Mar-2021,7.84,7.965,7.44,7.45,2439400
EPZM,30-Mar-2021,7.61,8.32,7.52,8.17,1781700
EPZM,31-Mar-2021,8.34,8.75,8.32,8.71,1322800
EPZM,01-Apr-2021,8.7,8.85,8.56,8.63,1072000
EPZM,02-Apr-2021,8.63,8.63,8.63,8.63,0
EPZM,05-Apr-2021,8.817,9.435,8.8,9.42,1432400
EPZM,06-Apr-2021,9.35,9.4,8.64,8.65,1367600
EPZM,07-Apr-2021,8.7,8.82,8.385,8.44,821900
EPZM,08-Apr-2021,8.46,8.63,8.28,8.42,712500
EPZM,09-Apr-2021,8.4,8.53,8.22,8.37,789300
EPZM,12-Apr-2021,8.4,8.4,8.05,8.12,930700
EPZM,13-Apr-2021,8.13,8.21,7.93,8.19,1001700
EPZM,14-Apr-2021,8.2,8.46,8.1,8.22,1091500
EPZM,15-Apr-2021,8.23,8.45,8.15,8.23,827400
EPZM,16-Apr-2021,8.31,8.33,7.85,8.1,1164700
EPZM,19-Apr-2021,8.01,8.07,7.705,7.73,1284700
EPZM,20-Apr-2021,7.65,7.87,7.61,7.74,740000
EPZM,21-Apr-2021,7.72,7.89,7.36,7.87,2303300
EPZM,22-Apr-2021,7.91,8.02,7.57,7.88,1489500
EPZM,23-Apr-2021,7.98,8.03,7.7,7.79,1449000
EPZM,26-Apr-2021,7.83,8.23,7.73,8.18,1052600
EPZM,27-Apr-2021,8.19,8.3,8.04,8.17,740100
EPZM,28-Apr-2021,8.1,8.46,8.01,8.31,632600
EPZM,29-Apr-2021,8.4,8.45,8,8.07,784600
EPZM,30-Apr-2021,7.98,8.17,7.78,7.81,809400
EPZM,03-May-2021,7.86,7.98,7.81,7.85,986800
EPZM,04-May-2021,7.85,7.85,7.48,7.6,1225100
EPZM,05-May-2021,7.64,7.73,7.5,7.52,1822000
EPZM,06-May-2021,7.5,7.5,6.7,6.81,2376900
EPZM,07-May-2021,7.65,8.4,7.31,8.29,3131500
EPZM,10-May-2021,8.15,8.62,8.13,8.21,1559900
EPZM,11-May-2021,7.98,8.6,7.94,8.54,942600
EPZM,12-May-2021,8.53,8.99,8.47,8.55,936500
EPZM,13-May-2021,8.55,8.74,8.15,8.67,1262200
EPZM,14-May-2021,8.74,9.17,8.61,9.13,1360000
EPZM,17-May-2021,9.01,9.37,8.885,9.01,778900
EPZM,18-May-2021,9,9.14,8.82,8.84,435900
EPZM,19-May-2021,8.7,8.88,8.47,8.58,505700
EPZM,20-May-2021,8.59,8.845,8.5,8.69,407700
EPZM,21-May-2021,8.78,8.78,8.55,8.55,318100
EPZM,24-May-2021,8.6,8.62,8.35,8.53,409900
EPZM,25-May-2021,8.52,8.57,8.25,8.25,492400
EPZM,26-May-2021,8.27,8.41,8.2,8.36,353500
EPZM,27-May-2021,8.46,8.46,8.29,8.36,369700
EPZM,28-May-2021,8.37,8.5442,8.22,8.23,314700
EPZM,31-May-2021,8.23,8.23,8.23,8.23,0
EPZM,01-Jun-2021,8.21,8.29,8.09,8.1,865300
EPZM,02-Jun-2021,8.3,9.09,8.29,8.62,1642900
EPZM,03-Jun-2021,8.51,8.67,8.44,8.61,496000
EPZM,04-Jun-2021,8.64,8.68,8.22,8.24,481000
EPZM,07-Jun-2021,8.2,8.83,8.1,8.75,1082600
EPZM,08-Jun-2021,8.77,8.93,8.36,8.4,702300
EPZM,09-Jun-2021,8.45,8.65,8.44,8.47,725700
EPZM,10-Jun-2021,8.48,8.61,8.36,8.48,489000
EPZM,11-Jun-2021,8.48,8.54,8.37,8.53,484400
EPZM,14-Jun-2021,8.59,8.91,8.53,8.81,788900
EPZM,15-Jun-2021,8.88,8.95,8.69,8.78,450800
EPZM,16-Jun-2021,8.83,9.04,8.5,8.83,622500
EPZM,17-Jun-2021,8.79,8.88,8.59,8.81,496200
EPZM,18-Jun-2021,8.68,8.79,8.39,8.59,1796400
EPZM,21-Jun-2021,8.63,8.78,8.325,8.6,669600
EPZM,22-Jun-2021,8.53,8.98,8.39,8.95,802000
EPZM,23-Jun-2021,8.99,9.21,8.88,9.04,577200
EPZM,24-Jun-2021,9.14,9.65,8.9918,9.62,1405400
EPZM,25-Jun-2021,9.6,9.72,9.48,9.71,2629600
