EQC,01-Jan-16,27.73,27.73,27.73,27.73,0
EQC,04-Jan-16,27.52,27.52,27.12,27.3,623800
EQC,05-Jan-16,27.35,27.52,27.1,27.75,590400
EQC,06-Jan-16,27.58,27.52,27.09,27.85,599300
EQC,07-Jan-16,27.51,27.52,27.08,27.38,808900
EQC,08-Jan-16,27.47,27.52,27.07,26.87,582700
EQC,11-Jan-16,26.92,27.33,26.89,27.18,766900
EQC,12-Jan-16,27.32,27.33,27,27.2,1100200
EQC,13-Jan-16,27.21,27.37,26.46,26.64,973400
EQC,14-Jan-16,26.68,26.9,26.44,26.56,776400
EQC,15-Jan-16,26.24,26.48,26.08,26.31,726300
EQC,18-Jan-16,26.31,26.31,26.31,26.31,0
EQC,19-Jan-16,26.44,26.72,26.29,26.62,880200
EQC,20-Jan-16,26.24,26.53,25.44,26.18,1415800
EQC,21-Jan-16,26.28,26.31,25.78,25.8,1351400
EQC,22-Jan-16,26.07,26.19,25.87,26.14,1227000
EQC,25-Jan-16,26.11,26.32,25.9,26.24,1098800
EQC,26-Jan-16,26.34,27,26.34,26.93,735500
EQC,27-Jan-16,26.87,26.87,26.27,26.4,552000
EQC,28-Jan-16,26.54,26.72,26.14,26.27,522500
EQC,29-Jan-16,26.4,26.95,26.33,26.89,892000
EQC,01-Feb-16,26.78,27.34,26.61,27.12,852100
EQC,02-Feb-16,27,27.01,26.69,26.79,632400
EQC,03-Feb-16,26.86,27.14,26.5,27.02,619200
EQC,04-Feb-16,27,27.28,26.84,27.12,676900
EQC,05-Feb-16,27.01,27.2,26.83,27.03,928300
EQC,08-Feb-16,26.84,26.84,25.55,26.03,1039600
EQC,09-Feb-16,25.83,26.46,25.65,26.24,1461400
EQC,10-Feb-16,26.34,26.58,26.05,26.12,1265000
EQC,11-Feb-16,25.84,25.84,25.23,25.41,1295500
EQC,12-Feb-16,25.51,25.99,25.5,25.68,1304700
EQC,15-Feb-16,25.68,25.68,25.68,25.68,0
EQC,16-Feb-16,25.82,26.21,25.82,26.15,941900
EQC,17-Feb-16,26.29,26.53,26.15,26.4,1073400
EQC,18-Feb-16,26.4,26.4,25.79,25.86,1503500
EQC,19-Feb-16,25.87,27,25.87,26.73,1234900
EQC,22-Feb-16,26.89,27.28,26.73,27.21,703400
EQC,23-Feb-16,27.2,27.5,26.81,26.86,662300
EQC,24-Feb-16,26.73,26.92,26.5,26.86,1036900
EQC,25-Feb-16,26.96,27.55,26.96,27.47,692900
EQC,26-Feb-16,27.5,27.64,26.99,27.02,865100
EQC,29-Feb-16,27.02,27.3,26.55,26.63,1031800
EQC,01-Mar-16,26.66,27.29,26.66,27.24,688200
EQC,02-Mar-16,27.19,27.52,27.08,27.51,604200
EQC,03-Mar-16,27.57,27.63,27.36,27.42,726200
EQC,04-Mar-16,27.38,27.51,26.97,27.15,1683000
EQC,07-Mar-16,27.05,27.25,26.97,27.19,1161900
EQC,08-Mar-16,27.07,27.24,26.96,27.11,702000
EQC,09-Mar-16,27.16,27.35,27.08,27.2,810200
EQC,10-Mar-16,27.37,27.39,26.7,26.86,538600
EQC,11-Mar-16,27.06,27.57,27.06,27.5,522000
EQC,14-Mar-16,27.45,27.63,27.1,27.58,701200
EQC,15-Mar-16,27.47,27.7,27.4,27.7,998500
EQC,16-Mar-16,27.63,27.96,27.48,27.83,425100
EQC,17-Mar-16,27.84,28.23,27.67,28.15,327600
EQC,18-Mar-16,28.23,28.58,28.04,28.1,943100
EQC,21-Mar-16,28.04,28.28,27.85,28.15,888800
EQC,22-Mar-16,27.98,28.08,27.7,27.92,575600
EQC,23-Mar-16,27.9,27.98,27.33,27.35,616000
EQC,24-Mar-16,27.36,27.5,27.14,27.49,545100
EQC,25-Mar-16,27.49,27.49,27.49,27.49,0
EQC,28-Mar-16,27.53,27.8,27.53,27.7,598800
EQC,29-Mar-16,27.67,28.26,27.67,28.25,512600
EQC,30-Mar-16,28.24,28.37,28.09,28.18,345700
EQC,31-Mar-16,28.05,28.25,27.94,28.22,533200
EQC,01-Apr-16,28.02,28.26,28,28.14,382500
EQC,04-Apr-16,28.15,28.2,27.9,27.95,412200
EQC,05-Apr-16,27.85,28.05,27.77,27.89,604000
EQC,06-Apr-16,27.85,27.86,27.53,27.8,368300
EQC,07-Apr-16,27.76,27.9,27.56,27.65,448100
EQC,08-Apr-16,27.78,28.22,27.74,27.96,340000
EQC,11-Apr-16,28.01,28.04,27.55,27.59,268300
EQC,12-Apr-16,27.52,27.84,27.44,27.84,428300
EQC,13-Apr-16,27.9,28.29,27.78,28.21,986700
EQC,14-Apr-16,28.15,28.19,28.03,28.11,519100
EQC,15-Apr-16,28.13,28.42,28.19,28.3,527500
EQC,18-Apr-16,28.26,28.42,28.15,28.25,447700
EQC,19-Apr-16,28.29,28.42,28.13,28.17,828600
EQC,20-Apr-16,28.15,28.42,28.11,27.63,1682400
EQC,21-Apr-16,27.66,28.42,28.1,26.99,1048800
EQC,22-Apr-16,27,27.47,28.13,27.3,1006000
EQC,25-Apr-16,27.23,27.32,28.13,27.2,1153900
EQC,26-Apr-16,27.24,27.69,28.13,27.64,1157200
EQC,27-Apr-16,28.95,28.95,28.13,28.52,1691200
EQC,28-Apr-16,28.52,28.68,28.13,28.49,621600
EQC,29-Apr-16,28.5,28.5,28.13,27.91,847000
EQC,02-May-16,28.05,28.64,28.13,28.48,1003800
EQC,03-May-16,28.36,28.48,28.13,28.32,686200
EQC,04-May-16,28.15,28.5,28.13,28.36,618100
EQC,05-May-16,28.35,28.47,28.13,28.35,1009400
EQC,06-May-16,28.34,28.89,28.13,28.7,1051800
EQC,09-May-16,28.74,28.94,28.13,28.82,957400
EQC,10-May-16,28.79,28.9,28.13,28.75,497700
EQC,11-May-16,28.62,28.66,28.13,28.36,869100
EQC,12-May-16,28.48,28.48,28.13,28.39,528500
EQC,13-May-16,28.37,28.37,28.13,27.95,744200
EQC,16-May-16,27.92,28.4,28.13,28.31,655500
EQC,17-May-16,28.13,28.28,28.13,27.79,574400
EQC,18-May-16,27.75,27.88,28.13,27.58,561900
EQC,19-May-16,27.39,27.47,28.13,27.35,770300
EQC,20-May-16,27.42,27.9,28.13,27.6,694400
EQC,23-May-16,27.66,27.79,28.13,27.72,949500
EQC,24-May-16,27.9,28.76,28.13,28.58,1394500
EQC,25-May-16,28.7,28.81,28.13,28.71,2193700
EQC,26-May-16,28.74,29.08,28.13,28.84,831400
EQC,27-May-16,28.88,29.16,28.13,28.92,662800
EQC,30-May-16,28.92,28.92,28.13,28.92,0
EQC,31-May-16,28.98,29.12,28.13,28.89,947200
EQC,01-Jun-16,28.79,29.18,28.13,29.18,760900
EQC,02-Jun-16,29.18,29.37,28.13,29.37,757400
EQC,03-Jun-16,29.5,29.67,28.13,29.49,902000
EQC,06-Jun-16,29.46,29.74,28.13,29.35,501300
EQC,07-Jun-16,29.33,29.46,28.13,29.15,363100
EQC,08-Jun-16,29.13,29.38,28.13,29.27,508000
EQC,09-Jun-16,29.27,29.39,28.13,29.35,356800
EQC,10-Jun-16,29.24,29.34,28.13,29.21,729800
EQC,13-Jun-16,29.23,29.42,28.13,28.97,345300
EQC,14-Jun-16,28.96,28.96,28.13,28.86,452700
EQC,15-Jun-16,28.78,29.05,28.13,28.88,545300
EQC,16-Jun-16,28.71,28.92,28.13,28.88,409700
EQC,17-Jun-16,28.78,28.92,28.13,28.73,813400
EQC,20-Jun-16,28.85,29.18,28.13,28.94,835500
EQC,21-Jun-16,28.95,29.22,28.13,29,446900
EQC,22-Jun-16,29.11,29.2,28.13,29.01,350400
EQC,23-Jun-16,29.16,29.23,28.13,29.09,713000
EQC,24-Jun-16,28.68,29.14,28.13,28.96,1367200
EQC,27-Jun-16,28.68,28.99,28.13,28.57,838800
EQC,28-Jun-16,28.84,28.99,28.13,28.69,1287300
EQC,29-Jun-16,28.84,28.98,28.13,28.87,1095000
EQC,30-Jun-16,28.89,29.13,28.13,29.13,1537300
EQC,01-Jul-16,29.21,29.55,28.13,29.41,675400
EQC,04-Jul-16,29.41,29.41,28.13,29.41,0
EQC,05-Jul-16,29.36,29.65,28.13,29.6,971100
EQC,06-Jul-16,29.46,29.8,28.13,29.71,1067100
EQC,07-Jul-16,29.67,29.75,28.13,29.36,600900
EQC,08-Jul-16,29.49,29.67,28.13,29.34,1056900
EQC,11-Jul-16,29.35,29.94,28.13,29.87,1050400
EQC,12-Jul-16,29.87,29.96,28.13,29.51,921500
EQC,13-Jul-16,29.5,29.63,28.13,29.59,647900
EQC,14-Jul-16,29.63,29.76,28.13,29.46,661600
EQC,15-Jul-16,29.51,29.53,28.13,29.34,592500
EQC,18-Jul-16,29.29,29.39,28.13,29.33,431300
EQC,19-Jul-16,29.37,29.74,28.13,29.72,639100
EQC,20-Jul-16,29.7,29.77,28.13,29.46,914300
EQC,21-Jul-16,29.3,29.57,28.13,29.44,538200
EQC,22-Jul-16,29.32,29.65,28.13,29.45,1003200
EQC,25-Jul-16,29.45,29.6,28.13,29.37,579500
EQC,26-Jul-16,29.45,29.56,28.13,29.3,917400
EQC,27-Jul-16,29.23,29.46,28.13,29.32,1261700
EQC,28-Jul-16,29.3,29.71,28.13,29.62,669200
EQC,29-Jul-16,29.77,30.05,28.13,30.02,1615500
EQC,01-Aug-16,30,30.05,28.13,30.05,1078600
EQC,02-Aug-16,30.03,30.09,28.13,29.79,1139200
EQC,03-Aug-16,29.73,30.08,28.13,29.95,832400
EQC,04-Aug-16,30.03,30.05,28.13,29.75,773000
EQC,05-Aug-16,29.86,29.97,28.13,29.61,1026900
EQC,08-Aug-16,29.6,29.68,28.13,29.65,1141900
EQC,09-Aug-16,29.65,29.86,28.13,29.85,560400
EQC,10-Aug-16,29.84,29.98,28.13,29.84,530300
EQC,11-Aug-16,29.91,29.97,28.13,29.69,549200
EQC,12-Aug-16,29.69,30.03,28.13,29.78,485200
EQC,15-Aug-16,30.21,30.67,28.13,30,1341500
EQC,16-Aug-16,29.84,30.24,28.13,30.18,993400
EQC,17-Aug-16,30.19,30.28,28.13,30.28,807900
EQC,18-Aug-16,30.09,30.4,28.13,30.37,1140500
EQC,19-Aug-16,30.44,30.44,28.13,30.06,574100
EQC,22-Aug-16,30.08,30.34,28.13,30.22,436300
EQC,23-Aug-16,30.26,30.61,28.13,30.61,736300
EQC,24-Aug-16,30.59,30.64,28.13,30.62,735500
EQC,25-Aug-16,30.52,30.75,28.13,30.63,667500
EQC,26-Aug-16,30.63,30.9,28.13,30.58,979500
EQC,29-Aug-16,30.63,31.12,28.13,30.95,780100
EQC,30-Aug-16,30.86,31.07,28.13,31.06,1114900
EQC,31-Aug-16,31.06,31.32,28.13,31.29,1374700
EQC,01-Sep-16,31.36,31.49,28.13,31.44,997100
EQC,02-Sep-16,31.5,31.83,28.13,31.67,621400
EQC,05-Sep-16,31.67,31.67,28.13,31.67,0
EQC,06-Sep-16,31.71,31.78,28.13,31.77,1019600
EQC,07-Sep-16,31.75,31.91,28.13,31.71,2916900
EQC,08-Sep-16,31.68,31.9,28.13,31.74,1709600
EQC,09-Sep-16,31.51,31.51,28.13,31.04,2119400
EQC,12-Sep-16,31.11,31.16,28.13,30.98,1413100
EQC,13-Sep-16,30.76,30.81,28.13,30.19,768600
EQC,14-Sep-16,30.08,30.22,28.13,29.84,1060200
EQC,15-Sep-16,29.84,30.1,28.13,30.07,697400
EQC,16-Sep-16,30.02,30.46,28.13,30.3,2138100
EQC,19-Sep-16,30.28,30.64,28.13,30.48,667300
EQC,20-Sep-16,30.54,30.66,28.13,30.4,501500
EQC,21-Sep-16,30.45,30.98,28.13,30.83,890100
EQC,22-Sep-16,31.02,31.24,28.13,31.05,962800
EQC,23-Sep-16,30.93,31.15,28.13,31.07,972900
EQC,26-Sep-16,30.96,31.12,28.13,31.06,1035900
EQC,27-Sep-16,31.26,31.3,28.13,30.68,770600
EQC,28-Sep-16,30.65,30.89,28.13,30.69,689100
EQC,29-Sep-16,30.68,30.8,28.13,30.45,863500
EQC,30-Sep-16,31.35,31.36,28.13,30.22,1230300
EQC,03-Oct-16,30.1,30.46,28.13,30.18,1234700
EQC,04-Oct-16,30.16,30.2,28.13,29.72,771700
EQC,05-Oct-16,29.75,29.92,28.13,29.42,1450700
EQC,06-Oct-16,29.41,29.72,28.13,29.63,761000
EQC,07-Oct-16,29.82,30.1,28.13,29.75,620800
EQC,10-Oct-16,29.84,30.04,28.13,29.77,518700
EQC,11-Oct-16,29.84,29.94,28.13,29.67,615400
EQC,12-Oct-16,29.68,30.19,28.13,30.17,949200
EQC,13-Oct-16,30.14,30.71,28.13,30.65,991800
EQC,14-Oct-16,30.71,30.73,28.13,30.46,671200
EQC,17-Oct-16,30.59,30.83,28.13,30.63,1049900
EQC,18-Oct-16,30.82,30.98,28.13,30.61,815900
EQC,19-Oct-16,30.69,30.76,28.13,30.62,601000
EQC,20-Oct-16,30.65,30.82,28.13,30.52,418300
EQC,21-Oct-16,30.4,30.55,28.13,30.49,384500
EQC,24-Oct-16,30.59,30.93,28.13,30.66,594500
EQC,25-Oct-16,30.62,30.62,28.13,30.43,426800
EQC,26-Oct-16,30.37,30.45,28.13,29.93,656200
EQC,27-Oct-16,29.82,29.85,28.13,29.55,819800
EQC,28-Oct-16,29.62,29.76,28.13,29.41,418300
EQC,31-Oct-16,29.57,30.4,28.13,30.21,779500
EQC,01-Nov-16,30.09,30.11,28.13,29.67,795500
EQC,02-Nov-16,29.62,29.68,28.13,29.08,712400
EQC,03-Nov-16,28.06,29.18,28.13,29,669400
EQC,04-Nov-16,29.05,29.21,28.13,28.99,723400
EQC,07-Nov-16,29.25,29.91,28.13,29.79,887800
EQC,08-Nov-16,29.82,29.88,28.13,29.62,636100
EQC,09-Nov-16,29.22,29.32,28.13,29.17,807700
EQC,10-Nov-16,29.2,29.2,28.13,28.62,937300
EQC,11-Nov-16,28.6,29.06,28.13,28.62,610900
EQC,14-Nov-16,28.64,29.18,28.13,29.09,1076500
EQC,15-Nov-16,29.16,29.34,28.13,28.94,824600
EQC,16-Nov-16,28.9,29.04,28.13,28.93,727900
EQC,17-Nov-16,28.99,29.13,28.13,28.85,514700
EQC,18-Nov-16,28.9,29.2,28.13,29.08,719000
EQC,21-Nov-16,29.22,29.37,28.13,28.87,719100
EQC,22-Nov-16,28.96,29.68,28.13,29.14,1119600
EQC,23-Nov-16,29.01,29.11,28.13,28.99,736100
EQC,24-Nov-16,28.99,28.99,28.13,28.99,0
EQC,25-Nov-16,29,29.42,28.13,29.31,227000
EQC,28-Nov-16,29.3,29.64,28.13,29.26,527800
EQC,29-Nov-16,29.31,29.58,28.13,29.31,660500
EQC,30-Nov-16,29.12,29.34,28.13,29.08,1359000
EQC,01-Dec-16,28.94,29.26,28.13,28.73,1020700
EQC,02-Dec-16,28.88,29.38,28.13,28.78,1049200
EQC,05-Dec-16,28.92,29.16,28.13,28.86,2920800
EQC,06-Dec-16,28.81,29.15,28.13,29,1758100
EQC,07-Dec-16,29.11,29.39,28.13,29.27,817500
EQC,08-Dec-16,29.13,29.5,28.13,29.24,1250200
EQC,09-Dec-16,29.18,29.38,28.13,29.09,1441100
EQC,12-Dec-16,29.03,29.29,28.13,29.29,1884700
EQC,13-Dec-16,29.39,29.74,28.13,29.74,844900
EQC,14-Dec-16,29.72,30.27,28.13,29.53,1187600
EQC,15-Dec-16,29.47,29.78,28.13,29.5,703800
EQC,16-Dec-16,29.74,30.01,28.13,29.86,939400
EQC,19-Dec-16,30.07,30.34,28.13,30.22,574300
EQC,20-Dec-16,30.13,30.39,28.13,30.25,471900
EQC,21-Dec-16,30.3,30.47,28.13,30.09,442100
EQC,22-Dec-16,30,30.03,28.13,29.9,556400
EQC,23-Dec-16,30,30.08,28.13,29.84,305200
EQC,26-Dec-16,29.84,29.84,28.13,29.84,0
EQC,27-Dec-16,29.76,29.89,28.13,29.75,390600
EQC,28-Dec-16,29.75,29.78,28.13,29.58,374000
EQC,29-Dec-16,29.55,30.2,28.13,30.14,511800
EQC,30-Dec-16,30.09,30.38,28.13,30.24,679100
EQC,02-Jan-17,30.24,30.24,28.13,30.24,0
EQC,03-Jan-17,30.25,30.44,28.13,30.39,894100
EQC,04-Jan-17,30.5,31.15,28.13,31.02,838900
EQC,05-Jan-17,30.91,31,28.13,30.89,680500
EQC,06-Jan-17,30.79,31.1,28.13,30.74,607800
EQC,09-Jan-17,30.78,30.86,28.13,30.62,829000
EQC,10-Jan-17,30.62,30.83,28.13,30.37,634600
EQC,11-Jan-17,30.28,30.56,28.13,30.27,582500
EQC,12-Jan-17,30.29,30.38,28.13,30.34,440000
EQC,13-Jan-17,30.33,30.78,28.13,30.73,607600
EQC,16-Jan-17,30.73,30.73,28.13,30.73,0
EQC,17-Jan-17,30.81,30.98,28.13,30.96,579900
EQC,18-Jan-17,30.88,30.98,28.13,30.88,485100
EQC,19-Jan-17,30.76,30.82,28.13,30.61,642800
EQC,20-Jan-17,30.61,30.97,28.13,30.96,595200
EQC,23-Jan-17,30.9,31.39,28.13,31.36,638700
EQC,24-Jan-17,31.27,31.49,28.13,31.47,670800
EQC,25-Jan-17,31.47,31.6,28.13,31.58,857400
EQC,26-Jan-17,31.62,31.66,28.13,31.38,798900
EQC,27-Jan-17,31.48,31.48,28.13,31.22,569200
EQC,30-Jan-17,31.22,31.22,28.13,30.72,448100
EQC,31-Jan-17,30.78,31.09,28.13,30.84,428700
EQC,01-Feb-17,30.85,31.16,28.13,30.74,595900
EQC,02-Feb-17,30.69,30.75,28.13,30.62,526700
EQC,03-Feb-17,30.8,31.07,28.13,30.93,321200
EQC,06-Feb-17,30.9,30.98,28.13,30.82,256700
EQC,07-Feb-17,30.89,31.02,28.13,30.79,420500
EQC,08-Feb-17,30.9,31.03,28.13,30.8,405000
EQC,09-Feb-17,30.83,30.96,28.13,30.73,420600
EQC,10-Feb-17,30.7,30.87,28.13,30.75,1112400
EQC,13-Feb-17,30.85,30.85,28.13,30.67,357300
EQC,14-Feb-17,30.58,30.62,28.13,30.51,405700
EQC,15-Feb-17,30.37,30.81,28.13,30.69,812100
EQC,16-Feb-17,31,31.49,28.13,31.23,775600
EQC,17-Feb-17,31.19,31.32,28.13,31.22,432300
EQC,20-Feb-17,31.22,31.22,28.13,31.22,0
EQC,21-Feb-17,31.22,31.72,28.13,31.62,474100
EQC,22-Feb-17,31.63,31.66,28.13,31.46,467300
EQC,23-Feb-17,31.54,31.55,28.13,31.51,727000
EQC,24-Feb-17,31.49,31.67,28.13,31.63,370900
EQC,27-Feb-17,31.53,32.02,28.13,31.97,636900
EQC,28-Feb-17,31.88,31.88,28.13,31.26,976800
EQC,01-Mar-17,31.14,31.61,28.13,31.43,676900
EQC,02-Mar-17,31.4,31.4,28.13,31.12,313600
EQC,03-Mar-17,31.04,31.16,28.13,31.16,402100
EQC,06-Mar-17,31.07,31.15,28.13,31.1,412300
EQC,07-Mar-17,31.02,31.2,28.13,31.16,596200
EQC,08-Mar-17,30.97,31.15,28.13,31.1,1099400
EQC,09-Mar-17,31.14,31.26,28.13,30.59,639200
EQC,10-Mar-17,30.82,30.91,28.13,30.7,573500
EQC,13-Mar-17,30.68,30.82,28.13,30.57,624900
EQC,14-Mar-17,30.42,30.61,28.13,30.53,414000
EQC,15-Mar-17,30.62,31.32,28.13,31.12,690900
EQC,16-Mar-17,31.16,31.41,28.13,31.14,896500
EQC,17-Mar-17,31.15,31.39,28.13,31.34,748400
EQC,20-Mar-17,31.33,31.41,28.13,31.33,268700
EQC,21-Mar-17,31.37,31.49,28.13,31.09,784300
EQC,22-Mar-17,31.19,31.37,28.13,31.29,508500
EQC,23-Mar-17,31.23,31.6,28.13,31.38,502000
EQC,24-Mar-17,31.36,31.56,28.13,31.48,384200
EQC,27-Mar-17,31.46,31.55,28.13,31.3,651100
EQC,28-Mar-17,31.34,31.38,28.13,31.17,755800
EQC,29-Mar-17,31.14,31.47,28.13,31.46,536000
EQC,30-Mar-17,31.37,31.41,28.13,31.27,1604400
EQC,31-Mar-17,31.24,31.34,28.13,31.22,631500
EQC,03-Apr-17,31.2,31.31,28.13,31.22,549800
EQC,04-Apr-17,31.18,31.3,28.13,31.26,618000
EQC,05-Apr-17,31.34,31.56,28.13,31.42,700500
EQC,06-Apr-17,31.37,31.79,28.13,31.66,541900
EQC,07-Apr-17,31.71,31.86,28.13,31.64,327200
EQC,10-Apr-17,31.66,32.08,28.13,32.02,461000
EQC,11-Apr-17,32.06,32.29,28.13,32.28,387200
EQC,12-Apr-17,32.31,32.45,28.13,32.25,470700
EQC,13-Apr-17,32.29,32.3,28.13,32.01,391500
EQC,14-Apr-17,32.01,32.01,28.13,32.01,0
EQC,17-Apr-17,32.12,32.51,28.13,32.51,603800
EQC,18-Apr-17,32.46,32.46,28.13,32.34,443000
EQC,19-Apr-17,32.33,32.43,28.13,32.37,479400
EQC,20-Apr-17,32.38,32.47,28.13,32.42,534700
EQC,21-Apr-17,32.33,32.47,28.13,32.34,537700
EQC,24-Apr-17,32.51,32.51,28.13,31.97,597300
EQC,25-Apr-17,31.96,32.21,28.13,32.1,510700
EQC,26-Apr-17,32.1,32.13,28.13,31.98,317500
EQC,27-Apr-17,32.05,32.2,28.13,32.04,331600
EQC,28-Apr-17,32,32,28.13,31.99,500200
EQC,01-May-17,32.03,32.09,28.13,32.09,412900
EQC,02-May-17,32.06,32.14,28.13,31.87,482600
EQC,03-May-17,32,32.04,28.13,31.49,453600
EQC,04-May-17,31.39,31.57,28.13,31.5,593500
EQC,05-May-17,31.57,31.79,28.13,31.49,454400
EQC,08-May-17,31.47,31.55,28.13,31.24,833000
EQC,09-May-17,31.27,31.34,28.13,31.31,897200
EQC,10-May-17,31.29,31.58,28.13,31.32,785000
EQC,11-May-17,31.23,31.34,28.13,30.99,765900
EQC,12-May-17,30.96,31.01,28.13,30.73,542700
EQC,15-May-17,30.85,30.94,28.13,30.68,1146800
EQC,16-May-17,30.68,30.73,28.13,30.5,1077900
EQC,17-May-17,30.5,30.87,28.13,30.77,585800
EQC,18-May-17,30.75,31.03,28.13,30.86,785600
EQC,19-May-17,30.81,31.14,28.13,31,596700
EQC,22-May-17,31.05,31.13,28.13,30.98,618500
EQC,23-May-17,31.12,31.39,28.13,31.26,364400
EQC,24-May-17,31.31,31.48,28.13,31.37,403200
EQC,25-May-17,31.4,31.46,28.13,31.17,484800
EQC,26-May-17,31.14,31.33,28.13,31.22,388500
EQC,29-May-17,31.22,31.22,28.13,31.22,0
EQC,30-May-17,31.25,31.32,28.13,31.28,352200
EQC,31-May-17,31.27,31.48,28.13,31.12,966000
EQC,01-Jun-17,31.09,31.39,28.13,31.34,630700
EQC,02-Jun-17,31.45,31.88,28.13,31.83,728500
EQC,05-Jun-17,31.8,31.82,28.13,31.51,466000
EQC,06-Jun-17,31.55,31.57,28.13,31.35,325800
EQC,07-Jun-17,31.35,31.48,28.13,31.4,457200
EQC,08-Jun-17,31.37,31.52,28.13,31.36,570200
EQC,09-Jun-17,31.4,31.76,28.13,31.69,781600
EQC,12-Jun-17,31.67,31.98,28.13,31.89,837200
EQC,13-Jun-17,31.91,32,28.13,31.98,816400
EQC,14-Jun-17,32.08,32.18,28.13,31.99,654700
EQC,15-Jun-17,31.9,31.96,28.13,31.88,451900
EQC,16-Jun-17,31.98,31.98,28.13,31.67,985600
EQC,19-Jun-17,31.72,31.83,28.13,31.77,434600
EQC,20-Jun-17,31.79,31.89,28.13,31.69,450200
EQC,21-Jun-17,31.67,31.72,28.13,31.46,396900
EQC,22-Jun-17,31.4,31.71,28.13,31.53,563500
EQC,23-Jun-17,31.52,32.11,28.13,32.07,896500
EQC,26-Jun-17,32.14,32.17,28.13,31.97,457800
EQC,27-Jun-17,31.89,31.91,28.13,31.79,500300
EQC,28-Jun-17,31.93,32,28.13,31.87,475700
EQC,29-Jun-17,31.78,31.78,28.13,31.62,506600
EQC,30-Jun-17,31.77,31.77,28.13,31.6,970100
EQC,03-Jul-17,31.69,32.23,28.13,32.16,304300
EQC,04-Jul-17,32.16,32.16,28.13,32.16,0
EQC,05-Jul-17,32.17,32.17,28.13,31.91,549300
EQC,06-Jul-17,31.85,31.88,28.13,31.29,605900
EQC,07-Jul-17,31.29,31.47,28.13,31.47,523700
EQC,10-Jul-17,31.47,31.5,28.13,31.03,387900
EQC,11-Jul-17,31.05,31.05,28.13,31.03,420500
EQC,12-Jul-17,31.22,31.655,28.13,31.53,490500
EQC,13-Jul-17,31.58,31.58,28.13,31.51,412800
EQC,14-Jul-17,31.67,31.78,28.13,31.71,370000
EQC,17-Jul-17,31.72,31.92,28.13,31.81,270700
EQC,18-Jul-17,31.86,31.965,28.13,31.74,278200
EQC,19-Jul-17,31.77,32.32,28.13,32.32,542100
EQC,20-Jul-17,32.32,32.35,28.13,31.92,344600
EQC,21-Jul-17,32,32.05,28.13,31.82,283600
EQC,24-Jul-17,31.85,32,28.13,31.69,360900
EQC,25-Jul-17,31.41,31.9,28.13,31.58,826000
EQC,26-Jul-17,31.57,31.69,28.13,31.48,438600
EQC,27-Jul-17,31.44,31.56,28.13,31.56,535200
EQC,28-Jul-17,31.56,31.605,28.13,31.59,297300
EQC,31-Jul-17,31.68,31.68,28.13,31.58,567600
EQC,01-Aug-17,31.67,31.92,28.13,31.82,436900
EQC,02-Aug-17,31.77,31.82,28.13,31.59,356600
EQC,03-Aug-17,31.58,31.58,28.13,31.1,492100
EQC,04-Aug-17,31.15,31.25,28.13,31.13,583100
EQC,07-Aug-17,31.12,31.12,28.13,31.05,384900
EQC,08-Aug-17,31.03,31.06,28.13,30.82,459900
EQC,09-Aug-17,30.86,30.87,28.13,30.67,583500
EQC,10-Aug-17,30.58,30.705,28.13,30.56,404800
EQC,11-Aug-17,30.38,30.53,28.13,30.45,925400
EQC,14-Aug-17,30.55,30.81,28.13,30.56,547300
EQC,15-Aug-17,30.55,30.56,28.13,30.45,1345700
EQC,16-Aug-17,30.46,30.71,28.13,30.56,684400
EQC,17-Aug-17,30.52,30.71,28.13,30.44,486200
EQC,18-Aug-17,30.33,30.36,28.13,30.32,497900
EQC,21-Aug-17,30.36,30.49,28.13,30.43,298800
EQC,22-Aug-17,30.43,30.59,28.13,30.47,426200
EQC,23-Aug-17,30.39,30.44,28.13,30.35,470200
EQC,24-Aug-17,30.37,30.48,28.13,30.33,787400
EQC,25-Aug-17,30.42,30.56,28.13,30.44,911900
EQC,28-Aug-17,30.47,30.53,28.13,30.29,584700
EQC,29-Aug-17,30.21,30.33,28.13,30.24,581000
EQC,30-Aug-17,30.23,30.48,28.13,30.42,613700
EQC,31-Aug-17,30.45,31.005,28.13,30.94,598000
EQC,01-Sep-17,30.97,31.04,28.13,30.86,399200
EQC,04-Sep-17,30.86,30.86,28.13,30.86,0
EQC,05-Sep-17,30.86,30.9,28.13,30.77,444200
EQC,06-Sep-17,30.86,31.01,28.13,30.85,448400
EQC,07-Sep-17,30.89,30.96,28.13,30.9,463100
EQC,08-Sep-17,30.86,31,28.13,30.88,594000
EQC,11-Sep-17,30.98,30.98,28.13,30.95,990300
EQC,12-Sep-17,30.95,31.005,28.13,30.94,1178700
EQC,13-Sep-17,30.94,31.02,28.13,30.49,815900
EQC,14-Sep-17,30.46,30.715,28.13,30.7,576900
EQC,15-Sep-17,30.57,30.76,28.13,30.75,820200
EQC,18-Sep-17,30.72,30.82,28.13,30.4,945800
EQC,19-Sep-17,30.4,30.43,28.13,30.26,750300
EQC,20-Sep-17,30.33,30.39,28.13,30.35,789600
EQC,21-Sep-17,30.36,30.45,28.13,30.24,502900
EQC,22-Sep-17,30.25,30.44,28.13,30.06,761800
EQC,25-Sep-17,30.13,30.31,28.13,30.14,976300
EQC,26-Sep-17,30.16,30.46,28.13,30.37,562800
EQC,27-Sep-17,30.33,30.37,28.13,30.36,426100
EQC,28-Sep-17,30.38,30.39,28.13,30.37,501700
EQC,29-Sep-17,30.3,30.53,28.13,30.4,605400
EQC,02-Oct-17,30.42,30.52,28.13,30.35,529900
EQC,03-Oct-17,30.35,30.4,28.13,30.29,374600
EQC,04-Oct-17,30.33,30.67,28.13,30.6,581300
EQC,05-Oct-17,30.64,30.87,28.13,30.8,520300
EQC,06-Oct-17,30.65,30.65,28.13,30.5,439600
EQC,09-Oct-17,30.5,30.63,28.13,30.53,203000
EQC,10-Oct-17,30.59,30.79,28.13,30.54,296900
EQC,11-Oct-17,30.52,30.66,28.13,30.49,290200
EQC,12-Oct-17,30.49,30.6,28.13,30.6,731600
EQC,13-Oct-17,30.77,30.77,28.13,30.5,369500
EQC,16-Oct-17,30.49,30.55,28.13,30.29,324700
EQC,17-Oct-17,30.2,30.41,28.13,30.06,524300
EQC,18-Oct-17,30.01,30.17,28.13,30.14,711000
EQC,19-Oct-17,30.17,30.17,28.13,30.01,615800
EQC,20-Oct-17,30.02,30.11,28.13,30,719800
EQC,23-Oct-17,29.96,30.15,28.13,29.99,647100
EQC,24-Oct-17,29.89,30.06,28.13,29.98,904700
EQC,25-Oct-17,30.02,30.365,28.13,30,743300
EQC,26-Oct-17,29.99,30.07,28.13,29.8,1018300
EQC,27-Oct-17,29.97,30.23,28.13,30.2,624200
EQC,30-Oct-17,30.05,30.12,28.13,29.95,664700
EQC,31-Oct-17,30.08,30.14,28.13,30.05,822900
EQC,01-Nov-17,30.12,30.2,28.13,30.13,474500
EQC,02-Nov-17,30.13,30.455,28.13,30.3,437800
EQC,03-Nov-17,30.16,30.28,28.13,30.07,419200
EQC,06-Nov-17,30.12,30.43,28.13,30.36,302700
EQC,07-Nov-17,30.3,30.52,28.13,30.28,317800
EQC,08-Nov-17,30.25,30.49,28.13,30.48,494400
EQC,09-Nov-17,30.37,30.59,28.13,30.31,433200
EQC,10-Nov-17,30.22,30.54,28.13,30.37,534300
EQC,13-Nov-17,30.55,30.675,28.13,30.59,1284800
EQC,14-Nov-17,30.54,30.64,28.13,30.45,579300
EQC,15-Nov-17,30.33,30.43,28.13,30.01,681400
EQC,16-Nov-17,29.99,30.38,28.13,30.31,572800
EQC,17-Nov-17,30.18,30.27,28.13,30.17,483100
EQC,20-Nov-17,30.18,30.19,28.13,30.09,318200
EQC,21-Nov-17,30.17,30.37,28.13,30.36,383100
EQC,22-Nov-17,30.25,30.25,28.13,30.07,572100
EQC,23-Nov-17,30.07,30.07,28.13,30.07,0
EQC,24-Nov-17,30.1,30.18,28.13,30.14,138100
EQC,27-Nov-17,30.17,30.39,28.13,30.15,497100
EQC,28-Nov-17,30.08,30.34,28.13,30.28,585300
EQC,29-Nov-17,30.32,30.425,28.13,30.33,390400
EQC,30-Nov-17,30.31,30.46,28.13,30.06,824400
EQC,01-Dec-17,30.1,30.24,28.13,30.2,484900
EQC,04-Dec-17,30.32,30.38,28.13,30.36,530800
EQC,05-Dec-17,30.28,30.37,28.13,29.97,582700
EQC,06-Dec-17,30.08,30.155,28.13,30.07,347700
EQC,07-Dec-17,30,30.17,28.13,30.09,422400
EQC,08-Dec-17,30.1,30.22,28.13,30.17,309800
EQC,11-Dec-17,30.12,30.17,28.13,30.16,535200
EQC,12-Dec-17,30.16,31.63,28.13,30.41,743300
EQC,13-Dec-17,30.44,30.61,28.13,30.39,871500
EQC,14-Dec-17,30.48,30.55,28.13,30.41,405700
EQC,15-Dec-17,30.5,30.67,28.13,30.63,711000
EQC,18-Dec-17,30.72,30.99,28.13,30.82,394000
EQC,19-Dec-17,30.78,30.8,28.13,30.48,679700
EQC,20-Dec-17,30.46,30.64,28.13,30.4,660800
EQC,21-Dec-17,30.39,30.39,28.13,30.25,549100
EQC,22-Dec-17,30.25,30.33,28.13,30.3,345700
EQC,25-Dec-17,30.3,30.3,28.13,30.3,0
EQC,26-Dec-17,30.25,30.52,28.13,30.35,261300
EQC,27-Dec-17,30.41,30.57,28.13,30.56,278500
EQC,28-Dec-17,30.55,30.7,28.13,30.66,411100
EQC,29-Dec-17,30.72,30.72,28.13,30.51,332800
EQC,01-Jan-18,30.51,30.51,28.13,30.51,0
EQC,02-Jan-18,30.52,30.635,28.13,30.55,589100
EQC,03-Jan-18,30.59,30.59,28.13,30.31,290700
EQC,04-Jan-18,30.26,30.28,28.13,29.78,642500
EQC,05-Jan-18,29.9,29.9,28.13,29.78,736600
EQC,08-Jan-18,29.79,29.85,28.13,29.69,384600
EQC,09-Jan-18,29.76,29.77,28.13,29.76,557100
EQC,10-Jan-18,29.71,29.74,28.13,29.69,752600
EQC,11-Jan-18,29.74,29.79,28.13,29.78,588600
EQC,12-Jan-18,29.73,29.82,28.13,29.82,625600
EQC,15-Jan-18,29.82,29.82,28.13,29.82,0
EQC,16-Jan-18,29.84,30.23,28.13,29.78,703200
EQC,17-Jan-18,29.86,29.98,28.13,29.96,542300
EQC,18-Jan-18,29.91,29.91,28.13,29.64,719900
EQC,19-Jan-18,29.73,29.87,28.13,29.87,396400
EQC,22-Jan-18,29.83,30.06,28.13,30.04,475000
EQC,23-Jan-18,30.11,30.37,28.13,30.37,330800
EQC,24-Jan-18,30.37,30.37,28.13,30.26,468200
EQC,25-Jan-18,30.29,30.39,28.13,30.17,1022400
EQC,26-Jan-18,30.28,30.28,28.13,29.99,745600
EQC,29-Jan-18,30,30,28.13,29.78,493600
EQC,30-Jan-18,29.69,29.78,28.13,29.75,528700
EQC,31-Jan-18,29.8,30.09,28.13,29.91,923500
EQC,01-Feb-18,29.91,30.12,28.13,29.65,553700
EQC,02-Feb-18,29.5,29.675,28.13,29.37,700400
EQC,05-Feb-18,29.23,29.58,28.13,28.81,1122900
EQC,06-Feb-18,28.47,28.98,28.13,28.75,2122600
EQC,07-Feb-18,28.68,29.16,28.13,28.79,868800
EQC,08-Feb-18,28.83,29.02,28.13,28.1,928600
EQC,09-Feb-18,28.19,28.77,28.13,28.57,1284200
EQC,12-Feb-18,28.72,28.84,28.13,28.8,1295700
EQC,13-Feb-18,28.7,28.77,28.13,28.64,873300
EQC,14-Feb-18,28.44,28.62,28.13,28.55,701000
EQC,15-Feb-18,28.9,28.96,28.13,28.95,687900
EQC,16-Feb-18,29.32,29.77,28.13,29.62,784200
EQC,19-Feb-18,29.62,29.62,28.13,29.62,0
EQC,20-Feb-18,29.53,29.7,28.13,29.4,819100
EQC,21-Feb-18,29.34,29.45,28.13,28.91,859700
EQC,22-Feb-18,29.02,29.35,28.13,29.13,870200
EQC,23-Feb-18,29.27,29.475,28.13,29.45,391400
EQC,26-Feb-18,29.52,29.61,28.13,29.6,479900
EQC,27-Feb-18,29.62,29.65,28.13,29.19,845200
EQC,28-Feb-18,29.32,29.65,28.13,29.42,974300
EQC,01-Mar-18,29.4,29.77,28.13,29.55,758800
EQC,02-Mar-18,29.4,29.97,28.13,29.91,1176000
EQC,05-Mar-18,29.85,30.06,28.13,29.9,904900
EQC,06-Mar-18,29.9,30.065,28.13,30.02,791400
EQC,07-Mar-18,29.94,30.15,28.13,30.1,767000
EQC,08-Mar-18,30.06,30.24,28.13,30.16,682900
EQC,09-Mar-18,30.24,30.34,28.13,30.34,616500
EQC,12-Mar-18,30.35,30.39,28.13,30.01,910600
EQC,13-Mar-18,30.14,30.19,28.13,29.99,847000
EQC,14-Mar-18,29.99,30.09,28.13,30.05,744400
EQC,15-Mar-18,30.13,30.17,28.13,30.06,795900
EQC,16-Mar-18,30.1,30.26,28.13,29.96,6203300
EQC,19-Mar-18,30.03,30.095,28.13,30.03,890300
EQC,20-Mar-18,30,30.32,28.13,30.25,911600
EQC,21-Mar-18,30.22,30.62,28.13,30.47,978300
EQC,22-Mar-18,30.38,30.64,28.13,30.05,1196400
EQC,23-Mar-18,30.04,30.22,28.13,29.57,967100
EQC,26-Mar-18,29.8,30.07,28.13,30.01,730400
EQC,27-Mar-18,30.09,30.41,28.13,30.15,595600
EQC,28-Mar-18,30.26,30.75,28.13,30.63,747300
EQC,29-Mar-18,30.74,30.84,28.13,30.67,734800
EQC,30-Mar-18,30.67,30.67,28.13,30.67,0
EQC,02-Apr-18,30.62,30.72,28.13,30.25,911200
EQC,03-Apr-18,30.31,30.66,28.13,30.54,839400
EQC,04-Apr-18,30.37,30.705,28.13,30.6,436400
EQC,05-Apr-18,30.65,30.65,28.13,30.4,453600
EQC,06-Apr-18,30.33,30.63,28.13,30.32,532300
EQC,09-Apr-18,30.33,30.42,28.13,30.15,468500
EQC,10-Apr-18,30.3,30.35,28.13,30.25,570700
EQC,11-Apr-18,30.23,30.55,28.13,30.39,414200
EQC,12-Apr-18,30.44,30.44,28.13,30.21,602400
EQC,13-Apr-18,30.31,30.37,28.13,30.34,626300
EQC,16-Apr-18,30.4,30.67,28.13,30.55,546200
EQC,17-Apr-18,30.67,30.9,28.13,30.75,858100
EQC,18-Apr-18,30.86,31,28.13,30.8,511300
EQC,19-Apr-18,30.83,30.83,28.13,30.46,456500
EQC,20-Apr-18,30.43,30.58,28.13,30.28,395800
EQC,23-Apr-18,30.36,30.54,28.13,30.43,490800
EQC,24-Apr-18,30.53,30.645,28.13,30.62,462000
EQC,25-Apr-18,30.58,30.78,28.13,30.72,443800
EQC,26-Apr-18,30.76,31.19,28.13,30.93,591700
EQC,27-Apr-18,30.92,31.265,28.13,31.16,444700
EQC,30-Apr-18,31.24,31.31,28.13,30.99,647100
EQC,01-May-18,31.03,31.3,28.13,31.19,630400
EQC,02-May-18,31.11,31.38,28.13,31.26,955700
EQC,03-May-18,31.16,31.33,28.13,31.18,354500
EQC,04-May-18,31.19,31.4,28.13,31.29,436700
EQC,07-May-18,31.4,31.62,28.13,31.58,411000
EQC,08-May-18,31.58,31.73,28.13,31.42,677900
EQC,09-May-18,31.47,31.78,28.13,31.73,758200
EQC,10-May-18,31.82,31.82,28.13,31.53,461000
EQC,11-May-18,31.56,31.63,28.13,31.5,653300
EQC,14-May-18,31.5,31.5,28.13,31.2,583800
EQC,15-May-18,30.95,31.05,28.13,30.65,622600
EQC,16-May-18,30.63,30.71,28.13,30.57,451700
EQC,17-May-18,30.48,30.67,28.13,30.38,526100
EQC,18-May-18,30.41,30.5,28.13,30.38,473700
EQC,21-May-18,30.51,30.65,28.13,30.58,656400
EQC,22-May-18,30.55,30.66,28.13,30.53,624800
EQC,23-May-18,30.5,30.99,28.13,30.85,505500
EQC,24-May-18,30.88,30.97,28.13,30.76,306600
EQC,25-May-18,30.81,30.9,28.13,30.82,406100
EQC,28-May-18,30.82,30.82,28.13,30.82,0
EQC,29-May-18,30.72,31.05,28.13,31.02,593000
EQC,30-May-18,31.02,31.38,28.13,31.26,509600
EQC,31-May-18,31.06,31.16,28.13,31.11,777700
EQC,01-Jun-18,31.18,31.2,28.13,31.03,536500
EQC,04-Jun-18,31.11,31.31,28.13,31.3,605600
EQC,05-Jun-18,31.34,31.35,28.13,31.03,615700
EQC,06-Jun-18,31,31.25,28.13,31.12,632800
EQC,07-Jun-18,31.17,31.17,28.13,31.13,956300
EQC,08-Jun-18,31.11,31.17,28.13,31.08,330300
EQC,11-Jun-18,31.1,31.13,28.13,30.95,432700
EQC,12-Jun-18,30.94,31.08,28.13,30.98,480700
EQC,13-Jun-18,31.03,31.09,28.13,30.58,464600
EQC,14-Jun-18,30.63,30.96,28.13,30.94,567800
EQC,15-Jun-18,31,31.07,28.13,31.01,1230100
EQC,18-Jun-18,30.98,31.29,28.13,31.2,717600
EQC,19-Jun-18,31.18,31.26,28.13,30.99,838600
EQC,20-Jun-18,31.15,31.39,28.13,31.25,817100
EQC,21-Jun-18,31.22,31.38,28.13,31.38,600300
EQC,22-Jun-18,31.36,31.58,28.13,31.58,832500
EQC,25-Jun-18,31.61,31.78,28.13,31.66,747100
EQC,26-Jun-18,31.63,31.82,28.13,31.45,1082900
EQC,27-Jun-18,31.54,31.74,28.13,31.45,468000
EQC,28-Jun-18,31.44,31.57,28.13,31.45,585700
EQC,29-Jun-18,31.35,31.63,28.13,31.5,452800
EQC,02-Jul-18,31.48,31.57,28.13,31.57,497100
EQC,03-Jul-18,31.58,31.96,28.13,31.79,410600
EQC,04-Jul-18,31.79,31.79,28.13,31.79,0
EQC,05-Jul-18,31.85,31.86,28.13,31.84,869400
EQC,06-Jul-18,31.97,32.09,28.13,32.01,524000
EQC,09-Jul-18,32.03,32.09,28.13,31.92,520900
EQC,10-Jul-18,31.99,32,28.13,31.8,546800
EQC,11-Jul-18,31.79,31.89,28.13,31.74,288300
EQC,12-Jul-18,31.76,31.82,28.13,31.75,286100
EQC,13-Jul-18,31.76,31.81,28.13,31.66,283700
EQC,16-Jul-18,31.64,31.64,28.13,31.46,358600
EQC,17-Jul-18,31.5,31.51,28.13,31.23,422700
EQC,18-Jul-18,31.2,31.33,28.13,31.21,298000
EQC,19-Jul-18,31.22,31.6,28.13,31.55,317000
EQC,20-Jul-18,31.47,31.59,28.13,31.23,256600
EQC,23-Jul-18,31.18,31.3,28.13,31.27,372900
EQC,24-Jul-18,31.31,31.31,28.13,31.19,347900
EQC,25-Jul-18,31.18,31.33,28.13,31.2,258200
EQC,26-Jul-18,31.26,31.45,28.13,31.4,486100
EQC,27-Jul-18,31.43,31.46,28.13,31.21,367000
EQC,30-Jul-18,31.21,31.35,28.13,31.25,451900
EQC,31-Jul-18,31.39,32.305,28.13,32.24,1530200
EQC,01-Aug-18,32.02,32.095,28.13,31.71,994700
EQC,02-Aug-18,31.65,31.73,28.13,31.39,1091200
EQC,03-Aug-18,31.4,31.7,28.13,31.7,555300
EQC,06-Aug-18,31.75,31.81,28.13,31.66,485800
EQC,07-Aug-18,31.67,31.79,28.13,31.56,320100
EQC,08-Aug-18,31.59,31.64,28.13,31.54,441100
EQC,09-Aug-18,31.53,31.69,28.13,31.57,252300
EQC,10-Aug-18,31.51,31.68,28.13,31.56,487800
EQC,13-Aug-18,31.53,31.66,28.13,31.59,454200
EQC,14-Aug-18,31.58,31.71,28.13,31.65,347900
EQC,15-Aug-18,31.67,32.06,28.13,31.94,996800
EQC,16-Aug-18,31.92,31.95,28.13,31.89,486300
EQC,17-Aug-18,31.89,32.06,28.13,32.03,827000
EQC,20-Aug-18,32.1,32.36,28.13,32.1,759400
EQC,21-Aug-18,32.08,32.155,28.13,32.02,659000
EQC,22-Aug-18,32.04,32.12,28.13,32.1,418700
EQC,23-Aug-18,32.06,32.2,28.13,32.05,479100
EQC,24-Aug-18,32,32.1,28.13,32.04,414000
EQC,27-Aug-18,32.13,32.15,28.13,32.03,578900
EQC,28-Aug-18,32.05,32.21,28.13,32.17,560100
EQC,29-Aug-18,32.2,32.22,28.13,32.12,401500
EQC,30-Aug-18,32.15,32.21,28.13,32.11,533700
EQC,31-Aug-18,32.11,32.19,28.13,32.06,768100
EQC,03-Sep-18,32.06,32.06,28.13,32.06,0
EQC,04-Sep-18,31.98,32.18,28.13,31.95,571000
EQC,05-Sep-18,31.88,32.035,28.13,31.82,446400
EQC,06-Sep-18,31.85,32.09,28.13,32.05,455500
EQC,07-Sep-18,31.95,32.36,28.13,32,726600
EQC,10-Sep-18,32,32.325,28.13,32.21,1014600
EQC,11-Sep-18,32.16,32.235,28.13,32.1,763300
EQC,12-Sep-18,32.1,32.28,28.13,32.09,768600
EQC,13-Sep-18,32.21,32.39,28.13,32.24,914100
EQC,14-Sep-18,32.16,32.35,28.13,32.29,986900
EQC,17-Sep-18,32.29,32.5,28.13,32.49,741600
EQC,18-Sep-18,32.45,32.55,28.13,32.35,627000
EQC,19-Sep-18,32.28,32.325,28.13,32.06,603400
EQC,20-Sep-18,32.05,32.24,28.13,32.22,497700
EQC,21-Sep-18,32.21,32.29,28.13,32.28,4983000
EQC,24-Sep-18,32.25,32.25,28.13,31.94,565800
EQC,25-Sep-18,31.95,31.97,28.13,31.81,568800
EQC,26-Sep-18,31.79,31.84,28.13,31.42,572400
EQC,27-Sep-18,31.84,31.9,28.13,31.61,895800
EQC,28-Sep-18,31.6,32.09,28.13,32.09,1310700
EQC,01-Oct-18,32.14,32.29,28.13,32.16,1191900
EQC,02-Oct-18,32.2,32.44,28.13,32.38,1538700
EQC,03-Oct-18,32.42,32.66,28.13,32.34,1120700
EQC,04-Oct-18,32.28,32.34,28.13,32.2,863800
EQC,05-Oct-18,29.34,29.64,28.13,29.27,1606300
EQC,08-Oct-18,29.32,29.67,28.13,29.64,1051700
EQC,09-Oct-18,29.7,30.04,28.13,29.95,833700
EQC,10-Oct-18,29.87,29.95,28.13,29.46,1468800
EQC,11-Oct-18,29.46,29.46,28.13,28.75,1704600
EQC,12-Oct-18,28.96,29.13,28.13,28.68,953600
EQC,15-Oct-18,28.66,29.15,28.13,28.91,1102800
EQC,16-Oct-18,29.02,29.62,28.13,29.56,559400
EQC,17-Oct-18,29.53,29.55,28.13,29.37,587400
EQC,18-Oct-18,29.36,29.64,28.13,29.49,662000
EQC,19-Oct-18,29.54,29.6,28.13,29.48,403200
EQC,22-Oct-18,29.56,29.65,28.13,29.27,378600
EQC,23-Oct-18,29.33,29.44,28.13,29.4,529400
EQC,24-Oct-18,29.4,29.87,28.13,29.68,588900
EQC,25-Oct-18,29.9,30.83,28.13,30.32,788900
EQC,26-Oct-18,30.17,30.26,28.13,29.86,823600
EQC,29-Oct-18,30.1,30.27,28.13,30,701300
EQC,30-Oct-18,30.05,30.33,28.13,29.98,695000
EQC,31-Oct-18,30.09,30.13,28.13,29.78,1052400
EQC,01-Nov-18,29.85,29.96,28.13,29.88,886600
EQC,02-Nov-18,29.94,29.94,28.13,29.91,640000
EQC,05-Nov-18,30.04,30.25,28.13,30.02,775200
EQC,06-Nov-18,30.07,30.51,28.13,30.51,356300
EQC,07-Nov-18,30.6,30.81,28.13,30.76,425800
EQC,08-Nov-18,30.73,30.81,28.13,30.71,489400
EQC,09-Nov-18,30.71,30.9,28.13,30.84,723100
EQC,12-Nov-18,30.83,31.02,28.13,30.8,408000
EQC,13-Nov-18,30.85,31,28.13,30.83,310800
EQC,14-Nov-18,30.87,31.03,28.13,30.77,419400
EQC,15-Nov-18,30.72,30.82,28.13,30.81,433900
EQC,16-Nov-18,30.71,30.96,28.13,30.87,868000
EQC,19-Nov-18,30.91,31.06,28.13,30.94,517600
EQC,20-Nov-18,30.88,31.12,28.13,31.03,592900
EQC,21-Nov-18,30.97,31.17,28.13,30.99,493000
EQC,22-Nov-18,30.99,30.99,28.13,30.99,0
EQC,23-Nov-18,30.92,31.2,28.13,31.01,141600
EQC,26-Nov-18,31.2,31.2,28.13,31,334300
EQC,27-Nov-18,31.07,31.11,28.13,31.1,412800
EQC,28-Nov-18,31.07,31.3,28.13,31.26,629800
EQC,29-Nov-18,31.3,31.47,28.13,31.33,541700
EQC,30-Nov-18,31.39,31.79,28.13,31.77,965300
EQC,03-Dec-18,31.79,31.92,28.13,31.67,363700
EQC,04-Dec-18,31.67,31.97,28.13,31.74,511900
EQC,05-Dec-18,31.74,31.74,28.13,31.74,0
EQC,06-Dec-18,31.58,32.11,28.13,32.08,1211600
EQC,07-Dec-18,32.05,32.1,28.13,31.57,806500
EQC,10-Dec-18,31.62,31.62,28.13,31.26,655200
EQC,11-Dec-18,31.43,31.58,28.13,31.43,505100
EQC,12-Dec-18,31.55,31.59,28.13,30.99,530700
EQC,13-Dec-18,30.98,31.38,28.13,31.23,389200
EQC,14-Dec-18,31.09,31.31,28.13,31.22,307300
EQC,17-Dec-18,32,32.02,28.13,30.24,1363600
EQC,18-Dec-18,30.42,30.87,28.13,30.77,810100
EQC,19-Dec-18,30.78,30.805,28.13,30.22,840400
EQC,20-Dec-18,30.22,30.26,28.13,29.78,1018900
EQC,21-Dec-18,29.83,30.14,28.13,29.37,2164500
EQC,24-Dec-18,29.39,29.55,28.13,29.17,625300
EQC,25-Dec-18,29.17,29.17,28.13,29.17,0
EQC,26-Dec-18,29.2,29.72,28.13,29.71,665400
EQC,27-Dec-18,29.52,29.945,28.13,29.85,1102500
EQC,28-Dec-18,30.01,30.3,28.13,29.79,864200
EQC,31-Dec-18,29.86,30.09,28.13,30.01,692500
EQC,01-Jan-19,30.01,30.01,28.13,30.01,0
EQC,02-Jan-19,29.79,29.79,28.13,29.36,645600
EQC,03-Jan-19,29.39,29.97,28.13,29.46,855200
EQC,04-Jan-19,29.55,29.68,28.13,29.43,1239000
EQC,07-Jan-19,29.57,29.7,28.13,29.43,440400
EQC,08-Jan-19,29.55,29.88,28.13,29.81,541900
EQC,09-Jan-19,29.9,30.05,28.13,30.05,364100
EQC,10-Jan-19,29.98,30.52,28.13,30.49,527100
EQC,11-Jan-19,30.5,30.76,28.13,30.74,503200
EQC,14-Jan-19,30.7,30.89,28.13,30.56,531700
EQC,15-Jan-19,30.58,30.75,28.13,30.54,541000
EQC,16-Jan-19,30.55,30.97,28.13,30.82,656400
EQC,17-Jan-19,30.85,31.01,28.13,30.94,727300
EQC,18-Jan-19,30.95,31.09,28.13,30.75,630600
EQC,21-Jan-19,30.75,30.75,28.13,30.75,0
EQC,22-Jan-19,30.73,30.985,28.13,30.76,852900
EQC,23-Jan-19,30.8,31.39,28.13,31.36,725300
EQC,24-Jan-19,31.35,31.43,28.13,31.1,596800
EQC,25-Jan-19,31.12,31.48,28.13,31.43,735300
EQC,28-Jan-19,31.36,31.62,28.13,31.5,570100
EQC,29-Jan-19,31.45,31.8,28.13,31.77,389300
EQC,30-Jan-19,31.84,32.24,28.13,32.09,623200
EQC,31-Jan-19,32.04,32.4,28.13,32.36,512900
EQC,01-Feb-19,32.4,32.41,28.13,32.09,497100
EQC,04-Feb-19,32.05,32.33,28.13,32.33,425100
EQC,05-Feb-19,32.32,32.49,28.13,32.48,593300
EQC,06-Feb-19,32.4,32.49,28.13,32.39,434200
EQC,07-Feb-19,32.3,32.8,28.13,32.59,793800
EQC,08-Feb-19,32.5,32.74,28.13,32.59,287700
EQC,11-Feb-19,32.57,32.78,28.13,32.59,350300
EQC,12-Feb-19,32.72,32.8,28.13,32.73,659000
EQC,13-Feb-19,32.67,32.88,28.13,32.63,503300
EQC,14-Feb-19,32.57,32.76,28.13,32.63,502700
EQC,15-Feb-19,32.8,32.9,28.13,32.67,440700
EQC,18-Feb-19,32.67,32.67,28.13,32.67,0
EQC,19-Feb-19,32.62,32.905,28.13,32.8,674300
EQC,20-Feb-19,32.77,32.8,28.13,32.79,779200
EQC,21-Feb-19,32.72,32.88,28.13,32.78,410900
EQC,22-Feb-19,32.89,32.89,28.13,32.78,388200
EQC,25-Feb-19,32.81,32.82,28.13,32.58,492200
EQC,26-Feb-19,32.66,32.74,28.13,32.5,391800
EQC,27-Feb-19,32.4,32.63,28.13,32.54,361300
EQC,28-Feb-19,32.54,32.85,28.13,32.65,640900
EQC,01-Mar-19,32.69,32.78,28.13,32.7,614000
EQC,04-Mar-19,32.76,33,28.13,32.99,544200
EQC,05-Mar-19,32.92,33.13,28.13,32.89,583700
EQC,06-Mar-19,32.95,32.95,28.13,32.81,451500
EQC,07-Mar-19,32.83,33.05,28.13,32.82,827400
EQC,08-Mar-19,32.81,32.99,28.13,32.91,406000
EQC,11-Mar-19,33.01,33.33,28.13,33.32,811800
EQC,12-Mar-19,33.45,33.66,28.13,33.55,766200
EQC,13-Mar-19,33.61,33.77,28.13,33.52,1046700
EQC,14-Mar-19,33.7,33.7,28.13,33.34,1606500
EQC,15-Mar-19,33.41,33.7,28.13,33.44,2515700
EQC,18-Mar-19,33.44,33.61,28.13,33.02,764700
EQC,19-Mar-19,33,33.01,28.13,32.88,480400
EQC,20-Mar-19,32.82,33.07,28.13,32.68,808300
EQC,21-Mar-19,32.67,33.06,28.13,32.9,1029000
EQC,22-Mar-19,32.84,32.9653,28.13,32.6,705100
EQC,25-Mar-19,32.61,32.72,28.13,32.65,443700
EQC,26-Mar-19,32.66,32.82,28.13,32.82,772600
EQC,27-Mar-19,32.81,32.84,28.13,32.71,460800
EQC,28-Mar-19,32.75,32.88,28.13,32.86,633800
EQC,29-Mar-19,32.83,32.83,28.13,32.69,939400
EQC,01-Apr-19,32.7,32.77,28.13,32.76,578300
EQC,02-Apr-19,32.78,32.83,28.13,32.68,817100
EQC,03-Apr-19,32.66,32.81,28.13,32.58,722200
EQC,04-Apr-19,32.61,32.63,28.13,32.48,965500
EQC,05-Apr-19,32.41,32.72,28.13,32.7,609000
EQC,08-Apr-19,32.73,32.75,28.13,32.44,552500
EQC,09-Apr-19,32.4,32.52,28.13,32.25,566000
EQC,10-Apr-19,32.34,32.73,28.13,32.71,540900
EQC,11-Apr-19,32.7,32.735,28.13,32.69,505300
EQC,12-Apr-19,32.81,32.81,28.13,32.63,573700
EQC,15-Apr-19,32.68,32.76,28.13,32.51,650400
EQC,16-Apr-19,32.43,32.43,28.13,31.37,1293600
EQC,17-Apr-19,31.5,31.5,28.13,31.32,1140600
EQC,18-Apr-19,31.42,31.62,28.13,31.55,424600
EQC,19-Apr-19,31.55,31.55,28.13,31.55,0
EQC,22-Apr-19,31.52,31.57,28.13,31.18,1073800
EQC,23-Apr-19,31.35,31.81,28.13,31.81,649100
EQC,24-Apr-19,31.92,32.15,28.13,32.04,462500
EQC,25-Apr-19,31.92,32.05,28.13,31.94,287600
EQC,26-Apr-19,32.07,32.07,28.13,32.01,338800
EQC,29-Apr-19,32.02,32.12,28.13,31.9,624200
EQC,30-Apr-19,31.91,31.95,28.13,31.8,914500
EQC,01-May-19,31.98,32.36,28.13,31.99,972400
EQC,02-May-19,32,32.13,28.13,31.94,447300
EQC,03-May-19,31.89,32.06,28.13,32,349700
EQC,06-May-19,31.8,32.36,28.13,32.2,439500
EQC,07-May-19,32.17,32.19,28.13,31.9,726000
EQC,08-May-19,31.99,32.2,28.13,31.73,326600
EQC,09-May-19,31.65,31.98,28.13,31.94,337600
EQC,10-May-19,31.79,32.14,28.13,32.07,373200
EQC,13-May-19,31.83,32.155,28.13,31.95,560000
EQC,14-May-19,31.97,32.17,28.13,31.97,326600
EQC,15-May-19,31.99,32.14,28.13,32.04,191300
EQC,16-May-19,32,32.265,28.13,32.14,414500
EQC,17-May-19,32.06,32.19,28.13,32.11,613700
EQC,20-May-19,32,32.0645,28.13,31.94,338400
EQC,21-May-19,31.97,32.245,28.13,32.13,564400
EQC,22-May-19,32.06,32.09,28.13,32.03,436000
EQC,23-May-19,31.99,32.19,28.13,32.07,520700
EQC,24-May-19,32.15,32.52,28.13,32.46,386300
EQC,27-May-19,32.46,32.46,28.13,32.46,0
EQC,28-May-19,32.61,32.82,28.13,32.34,762300
EQC,29-May-19,32.34,32.42,28.13,32.25,427800
EQC,30-May-19,32.38,32.45,28.13,32.28,389300
EQC,31-May-19,32.07,32.62,28.13,32.57,642300
EQC,03-Jun-19,32.69,32.74,28.13,32.65,497600
EQC,04-Jun-19,32.68,32.72,28.13,32.67,472400
EQC,05-Jun-19,32.79,33.1,28.13,33.08,392500
EQC,06-Jun-19,33.15,33.44,28.13,33.44,446700
EQC,07-Jun-19,33.6,33.6,28.13,33.46,557200
EQC,10-Jun-19,33.49,33.49,28.13,33.42,422600
EQC,11-Jun-19,33.49,33.65,28.13,33.59,463200
EQC,12-Jun-19,33.62,33.76,28.13,33.58,485600
EQC,13-Jun-19,33.67,33.85,28.13,33.85,402300
EQC,14-Jun-19,33.82,34,28.13,33.79,386600
EQC,17-Jun-19,33.84,34.04,28.13,33.95,603200
EQC,18-Jun-19,34.11,34.18,28.13,33.73,425000
EQC,19-Jun-19,33.67,33.995,28.13,33.96,525200
EQC,20-Jun-19,34.17,34.17,28.13,34.01,746500
EQC,21-Jun-19,33.93,33.93,28.13,33.17,1048900
EQC,24-Jun-19,33.32,33.48,28.13,32.88,675800
EQC,25-Jun-19,32.84,33.085,28.13,32.6,409400
EQC,26-Jun-19,32.58,32.58,28.13,31.89,489500
EQC,27-Jun-19,32.06,32.33,28.13,32.27,548400
EQC,28-Jun-19,32.33,32.525,28.13,32.52,842100
EQC,01-Jul-19,32.75,32.75,28.13,32.46,477300
EQC,02-Jul-19,32.51,33.01,28.13,32.99,469700
EQC,03-Jul-19,33,33.26,28.13,32.97,319600
EQC,04-Jul-19,32.97,32.97,28.13,32.97,0
EQC,05-Jul-19,32.87,33.15,28.13,33.08,271200
EQC,08-Jul-19,33.02,33.23,28.13,33.09,283000
EQC,09-Jul-19,33.08,33.335,28.13,33.33,374800
EQC,10-Jul-19,33.43,33.6,28.13,33.51,333100
EQC,11-Jul-19,33.59,33.64,28.13,33.34,667800
EQC,12-Jul-19,33.27,33.3,28.13,32.86,443600
EQC,15-Jul-19,32.87,33.1,28.13,33.08,405300
EQC,16-Jul-19,32.96,33.13,28.13,32.94,356600
EQC,17-Jul-19,33.05,33.17,28.13,33.11,359500
EQC,18-Jul-19,33.06,33.2,28.13,33.2,664800
EQC,19-Jul-19,33.2,33.3,28.13,32.75,283200
EQC,22-Jul-19,32.82,32.88,28.13,32.49,389300
EQC,23-Jul-19,32.64,33.085,28.13,33.06,319500
EQC,24-Jul-19,33.12,33.26,28.13,33.26,318800
EQC,25-Jul-19,33.22,33.22,28.13,33.14,327300
EQC,26-Jul-19,33.23,33.51,28.13,33.5,324100
EQC,29-Jul-19,33.62,33.73,28.13,33.63,324000
EQC,30-Jul-19,33.42,33.97,28.13,33.66,220300
EQC,31-Jul-19,33.63,33.91,28.13,33.58,540200
EQC,01-Aug-19,33.68,34.19,28.13,33.95,602000
EQC,02-Aug-19,33.97,34.09,28.13,33.99,311500
EQC,05-Aug-19,33.86,33.96,28.13,33.43,394200
EQC,06-Aug-19,33.37,33.89,28.13,33.64,683700
EQC,07-Aug-19,33.6,34.31,28.13,34.17,466200
EQC,08-Aug-19,34.16,34.51,28.13,34.3,504300
EQC,09-Aug-19,34.22,34.3887,28.13,33.75,824500
EQC,12-Aug-19,33.66,34.25,28.13,34.2,540200
EQC,13-Aug-19,34.23,34.53,28.13,34.11,787400
EQC,14-Aug-19,33.79,34.08,28.13,33.86,341100
EQC,15-Aug-19,33.92,34.23,28.13,33.97,471900
EQC,16-Aug-19,33.96,34.26,28.13,34.04,522500
EQC,19-Aug-19,34.15,34.23,28.13,33.95,392900
EQC,20-Aug-19,34.03,34.03,28.13,33.69,319800
EQC,21-Aug-19,33.7,33.91,28.13,33.81,444100
EQC,22-Aug-19,33.79,33.98,28.13,33.98,489600
EQC,23-Aug-19,33.93,34.08,28.13,33.72,457000
EQC,26-Aug-19,33.9,34.02,28.13,33.87,720500
EQC,27-Aug-19,34.06,34.18,28.13,33.42,600500
EQC,28-Aug-19,33.38,33.63,28.13,33.49,241800
EQC,29-Aug-19,33.62,33.89,28.13,33.65,224600
EQC,30-Aug-19,33.62,33.79,28.13,33.66,348200
EQC,02-Sep-19,33.66,33.66,28.13,33.66,0
EQC,03-Sep-19,33.68,34.01,28.13,34.01,297300
EQC,04-Sep-19,34.11,34.31,28.13,34.02,450700
EQC,05-Sep-19,33.96,34,28.13,33.81,390700
EQC,06-Sep-19,33.82,33.95,28.13,33.8,361400
EQC,09-Sep-19,33.81,33.86,28.13,33.64,669500
EQC,10-Sep-19,33.55,33.7,28.13,33.69,779200
EQC,11-Sep-19,33.72,33.86,28.13,33.83,729300
EQC,12-Sep-19,33.97,34.2,28.13,33.82,401100
EQC,13-Sep-19,33.84,33.94,28.13,33.65,708400
EQC,16-Sep-19,33.66,33.845,28.13,33.8,252700
EQC,17-Sep-19,33.82,34.02,28.13,33.99,278400
EQC,18-Sep-19,33.94,34.07,28.13,33.71,501000
EQC,19-Sep-19,33.81,33.81,28.13,33.67,456000
EQC,20-Sep-19,33.72,33.77,28.13,33.42,860200
EQC,23-Sep-19,33.22,33.71,28.13,33.53,624300
EQC,24-Sep-19,33.62,33.82,28.13,33.59,434000
EQC,25-Sep-19,33.76,34.0241,28.13,33.92,1371400
EQC,26-Sep-19,34.1,34.77,28.13,34.63,759200
EQC,27-Sep-19,34.82,34.92,28.13,34.22,818700
EQC,30-Sep-19,34.32,34.45,28.13,34.25,799800
EQC,01-Oct-19,34.2,34.32,28.13,34.19,748300
EQC,02-Oct-19,34.22,34.4,28.13,34.27,660700
EQC,03-Oct-19,34.43,34.95,28.13,34.31,1285800
EQC,04-Oct-19,30.88,31.335,28.13,31.23,1105800
EQC,07-Oct-19,31.19,31.47,28.13,31.28,802400
EQC,08-Oct-19,31.28,31.34,28.13,31.18,608200
EQC,09-Oct-19,31.27,31.41,28.13,31.21,481200
EQC,10-Oct-19,31.19,31.26,28.13,31.2,718100
EQC,11-Oct-19,31.25,31.38,28.13,31.17,836900
EQC,14-Oct-19,31.21,31.2144,28.13,31.02,471500
EQC,15-Oct-19,31.09,31.23,28.13,31.1,599200
EQC,16-Oct-19,31.1,31.27,28.13,31.26,516000
EQC,17-Oct-19,31.32,31.39,28.13,31.37,307600
EQC,18-Oct-19,31.37,31.68,28.13,31.57,882500
EQC,21-Oct-19,31.57,31.93,28.13,31.9,405200
EQC,22-Oct-19,31.98,31.98,28.13,31.85,395400
EQC,23-Oct-19,32.15,32.15,28.13,32.03,349100
EQC,24-Oct-19,32.04,32.12,28.13,31.86,567400
EQC,25-Oct-19,31.77,31.9,28.13,31.66,333900
EQC,28-Oct-19,31.66,31.72,28.13,31.51,403300
EQC,29-Oct-19,31.51,31.84,28.13,31.77,523400
EQC,30-Oct-19,31.85,32.26,28.13,32,713900
EQC,31-Oct-19,31.98,32.3,28.13,32.18,625300
EQC,01-Nov-19,32.3,32.3,28.13,32.22,618300
EQC,04-Nov-19,32.16,32.19,28.13,31.73,584300
EQC,05-Nov-19,31.73,31.815,28.13,31.76,578000
EQC,06-Nov-19,31.81,31.96,28.13,31.7,460200
EQC,07-Nov-19,31.73,31.93,28.13,31.81,460300
EQC,08-Nov-19,31.74,31.95,28.13,31.9,404100
EQC,11-Nov-19,31.9,32.115,28.13,31.91,351300
EQC,12-Nov-19,31.96,32.07,28.13,31.69,661500
EQC,13-Nov-19,31.78,32.06,28.13,31.96,610300
EQC,14-Nov-19,32.02,32.3,28.13,32.29,529800
EQC,15-Nov-19,32.27,32.36,28.13,32.3,482300
EQC,18-Nov-19,32.32,32.62,28.13,32.6,428648
EQC,19-Nov-19,32.69,32.94,28.13,32.93,624700
EQC,20-Nov-19,32.95,33.3,28.13,33.25,921600
EQC,21-Nov-19,33.13,33.13,28.13,32.67,747700
EQC,22-Nov-19,32.76,32.76,28.13,32.32,516000
EQC,25-Nov-19,32.38,32.615,28.13,32.57,656400
EQC,26-Nov-19,32.61,32.85,28.13,32.84,382600
EQC,27-Nov-19,32.83,33.01,28.13,33.01,218700
EQC,28-Nov-19,33.01,33.01,28.13,33.01,0
EQC,29-Nov-19,33.06,33.06,28.13,32.85,249200
EQC,02-Dec-19,32.8,32.9,28.13,32.58,409900
EQC,03-Dec-19,32.53,33.09,28.13,32.94,551500
EQC,04-Dec-19,32.84,33.05,28.13,32.73,960100
EQC,05-Dec-19,32.67,32.95,28.13,32.73,398700
EQC,06-Dec-19,32.76,32.96,28.13,32.8,340900
EQC,09-Dec-19,32.86,32.86,28.13,32.7,451900
EQC,10-Dec-19,32.7,32.825,28.13,32.43,405100
EQC,11-Dec-19,32.4,32.44,28.13,31.82,567600
EQC,12-Dec-19,31.79,31.88,28.13,31.29,1048200
EQC,13-Dec-19,31.29,31.42,28.13,31.27,895800
EQC,16-Dec-19,31.24,31.53,28.13,31.44,811600
EQC,17-Dec-19,31.45,31.65,28.13,31.51,731200
EQC,18-Dec-19,31.5,31.85,28.13,31.75,635300
EQC,19-Dec-19,31.68,32.03,28.13,32,844800
EQC,20-Dec-19,32.08,32.42,28.13,32.4,838700
EQC,23-Dec-19,32.4,32.4,28.13,32.2,664200
EQC,24-Dec-19,32.25,32.4,28.13,32.34,146700
EQC,25-Dec-19,32.34,32.34,28.13,32.34,0
EQC,26-Dec-19,32.42,32.57,28.13,32.57,425100
EQC,27-Dec-19,32.72,32.78,28.13,32.61,544900
EQC,30-Dec-19,32.57,32.82,28.13,32.81,454300
EQC,31-Dec-19,32.81,32.93,28.13,32.83,385400
EQC,01-Jan-20,32.83,32.83,28.13,32.83,0
EQC,02-Jan-20,32.93,32.93,28.13,32.15,683800
EQC,03-Jan-20,32.04,32.86,28.13,32.78,534500
EQC,06-Jan-20,32.75,32.9185,28.13,32.79,492600
EQC,07-Jan-20,32.72,32.86,28.13,32.28,406900
EQC,08-Jan-20,32.28,32.46,28.13,32.28,564700
EQC,09-Jan-20,32.27,32.54,28.13,32.41,449800
EQC,10-Jan-20,32.52,32.67,28.13,32.49,418700
EQC,13-Jan-20,32.5,32.66,28.13,32.66,598200
EQC,14-Jan-20,32.61,32.61,28.13,32.49,248600
EQC,15-Jan-20,32.6,32.9,28.13,32.71,365200
EQC,16-Jan-20,32.79,33.01,28.13,32.83,285100
EQC,17-Jan-20,32.85,32.97,28.13,32.83,307000
EQC,20-Jan-20,32.83,32.83,28.13,32.83,0
EQC,21-Jan-20,32.85,33.04,28.13,33.03,288900
EQC,22-Jan-20,33.14,33.18,28.13,32.81,368800
EQC,23-Jan-20,32.86,33.16,28.13,33.06,461800
EQC,24-Jan-20,33.14,33.23,28.13,32.7,277900
EQC,27-Jan-20,32.52,32.905,28.13,32.81,606600
EQC,28-Jan-20,32.9,33.02,28.13,32.79,719200
EQC,29-Jan-20,32.91,32.91,28.13,32.75,421300
EQC,30-Jan-20,32.64,32.88,28.13,32.81,546800
EQC,31-Jan-20,32.76,32.8781,28.13,32.79,578100
EQC,03-Feb-20,32.87,33.07,28.13,32.9,436600
EQC,04-Feb-20,32.94,33.02,28.13,32.91,532900
EQC,05-Feb-20,32.97,33.15,28.13,32.91,440400
EQC,06-Feb-20,32.97,33.05,28.13,32.68,484600
EQC,07-Feb-20,32.69,32.86,28.13,32.77,451200
EQC,10-Feb-20,32.86,32.87,28.13,32.86,609900
EQC,11-Feb-20,32.89,32.99,28.13,32.95,405600
EQC,12-Feb-20,32.99,33.1,28.13,32.92,381000
EQC,13-Feb-20,32.75,33.48,28.13,33.26,410300
EQC,14-Feb-20,33.3,33.51,28.13,33.29,435400
EQC,17-Feb-20,33.29,33.29,28.13,33.29,0
EQC,18-Feb-20,33.3,33.44,28.13,33.28,429600
EQC,19-Feb-20,33.28,33.44,28.13,32.89,394100
EQC,20-Feb-20,32.87,33.24,28.13,33.07,330900
EQC,21-Feb-20,33,33.22,28.13,33.02,358800
EQC,24-Feb-20,32.66,32.93,28.13,32.9,889100
EQC,25-Feb-20,33,33.06,28.13,32.23,850900
EQC,26-Feb-20,32.29,32.5923,28.13,31.98,618700
EQC,27-Feb-20,31.56,32.49,28.13,31.82,1688200
EQC,28-Feb-20,31.38,32.02,28.13,31.46,1681300
EQC,02-Mar-20,31.44,32.27,28.13,32.14,1232000
EQC,03-Mar-20,32.19,32.91,28.13,32.02,1057800
EQC,04-Mar-20,32.32,32.745,28.13,32.41,1476400
EQC,05-Mar-20,32.09,32.14,28.13,31.94,627900
EQC,06-Mar-20,31.41,31.785,28.13,31.5,723200
EQC,09-Mar-20,30.53,31.1,28.13,29.68,1606400
EQC,10-Mar-20,30,30.41,28.13,30.06,1769300
EQC,11-Mar-20,29.68,29.84,28.13,29.31,2487000
EQC,12-Mar-20,28.25,30.473,28.13,28.81,1928300
EQC,13-Mar-20,29.51,30.09,28.13,30.04,2656300
EQC,16-Mar-20,28.47,31.08,28.13,30.54,1765700
EQC,17-Mar-20,30.98,32.41,28.13,30.76,2299800
EQC,18-Mar-20,30.02,30.345,28.13,28.34,2161100
EQC,19-Mar-20,28.36,31.37,28.13,30.7,2139300
EQC,20-Mar-20,30.63,31.54,28.13,29.48,1923800
EQC,23-Mar-20,29.44,30.12,28.13,29.09,2058400
EQC,24-Mar-20,29.74,30.47,28.13,30.23,1360700
EQC,25-Mar-20,30.23,32.11,28.13,31.08,1364300
EQC,26-Mar-20,31.38,32.69,28.13,32.22,1356800
EQC,27-Mar-20,31.63,32.3,28.13,31.9,1372100
EQC,30-Mar-20,32.14,32.48,28.13,32.33,1275300
EQC,31-Mar-20,32.2,32.2,28.13,31.71,1718400
EQC,01-Apr-20,30.94,32.26,28.13,32.09,1444300
EQC,02-Apr-20,31.8,32.49,28.13,32,1236700
EQC,03-Apr-20,31.78,32.68,28.13,32.31,1590500
EQC,06-Apr-20,32,32.97,28.13,32.75,1222800
EQC,07-Apr-20,33.12,33.43,28.13,32.25,1350100
EQC,08-Apr-20,32.39,32.87,28.13,32.17,1550600
EQC,09-Apr-20,32.5,32.96,28.13,32.73,2788300
EQC,10-Apr-20,32.73,32.73,28.13,32.73,0
EQC,13-Apr-20,32.58,32.66,28.13,32.5,1062600
EQC,14-Apr-20,32.97,33.45,28.13,33.07,1633400
EQC,15-Apr-20,32.91,33.4,28.13,33.11,1095100
EQC,16-Apr-20,33.23,34.17,28.13,34.12,1029900
EQC,17-Apr-20,34.5,34.5,28.13,33.89,992000
EQC,20-Apr-20,33.61,33.93,28.13,33.05,929400
EQC,21-Apr-20,32.79,33.28,28.13,33.01,961300
EQC,22-Apr-20,33.46,34.44,28.13,34.12,942400
EQC,23-Apr-20,34.1,34.3,28.13,34.11,583800
EQC,24-Apr-20,34.29,34.47,28.13,34.18,468300
EQC,27-Apr-20,34.45,34.87,28.13,34.64,545500
EQC,28-Apr-20,34.99,35.08,28.13,33.79,618700
EQC,29-Apr-20,34.11,34.99,28.13,33.85,924400
EQC,30-Apr-20,33.58,34.04,28.13,33.95,885900
EQC,01-May-20,33.6,34.14,28.13,33.98,833900
EQC,04-May-20,33.82,34.18,28.13,33.9,850700
EQC,05-May-20,34.06,34.61,28.13,33.87,818000
EQC,06-May-20,34.01,34.38,28.13,34,715800
EQC,07-May-20,34.25,34.61,28.13,34.26,946000
EQC,08-May-20,34.51,34.75,28.13,34,745000
EQC,11-May-20,33.96,34.17,28.13,33.39,658600
EQC,12-May-20,33.38,33.48,28.13,32.38,1121200
EQC,13-May-20,32.26,32.4,28.13,31.73,796300
EQC,14-May-20,31.51,32.14,28.13,31.93,647700
EQC,15-May-20,31.82,31.98,28.13,31.83,795900
EQC,18-May-20,32.38,33.32,28.13,33.19,699400
EQC,19-May-20,33.28,33.28,28.13,32.56,729800
EQC,20-May-20,32.84,32.99,28.13,32.9,654500
EQC,21-May-20,32.72,33.095,28.13,32.92,642700
EQC,22-May-20,33,33.03,28.13,32.84,325500
EQC,25-May-20,32.84,32.84,28.13,32.84,0
EQC,26-May-20,33.31,33.705,28.13,33.4,904900
EQC,27-May-20,33.89,33.89,28.13,33.39,869900
EQC,28-May-20,33.83,33.98,28.13,33.67,724500
EQC,29-May-20,33.35,33.88,28.13,33.7,883400
EQC,01-Jun-20,33.61,33.88,28.13,33.14,762300
EQC,02-Jun-20,33.46,33.68,28.13,33.26,1302400
EQC,03-Jun-20,33.33,33.81,28.13,33.45,998100
EQC,04-Jun-20,33.32,33.56,28.13,33.32,1155600
EQC,05-Jun-20,33.94,34.05,28.13,33.65,1481800
EQC,08-Jun-20,33.83,34.1,28.13,33.82,1045800
EQC,09-Jun-20,33.49,34.09,28.13,34.07,1011300
EQC,10-Jun-20,34.16,34.17,28.13,33.72,755500
EQC,11-Jun-20,33.14,33.19,28.13,32.64,1136000
EQC,12-Jun-20,33.08,33.2,28.13,33.11,806300
EQC,15-Jun-20,32.69,33.235,28.13,33.02,697400
EQC,16-Jun-20,33.64,33.89,28.13,33.1,699700
EQC,17-Jun-20,33.16,33.16,28.13,32.68,519700
EQC,18-Jun-20,32.5,32.6,28.13,32.04,694100
EQC,19-Jun-20,32.3,32.38,28.13,31.56,2582900
EQC,22-Jun-20,31.63,31.955,28.13,31.84,723600
EQC,23-Jun-20,32.11,32.28,28.13,31.41,911800
EQC,24-Jun-20,31.29,31.82,28.13,31.25,856800
EQC,25-Jun-20,31.17,32.15,28.13,32.11,1143800
EQC,26-Jun-20,31.99,31.99,28.13,31.68,1575600
EQC,29-Jun-20,31.85,31.97,28.13,31.95,590500
EQC,30-Jun-20,32.02,32.28,28.13,32.2,945300
EQC,01-Jul-20,32.27,32.54,28.13,32.45,586100
EQC,02-Jul-20,32.76,32.9,28.13,32.68,840500
EQC,03-Jul-20,32.68,32.68,28.13,32.68,0
EQC,06-Jul-20,33,33.02,28.13,32.31,688200
EQC,07-Jul-20,32.07,32.37,28.13,31.88,603200
EQC,08-Jul-20,31.82,31.97,28.13,31.46,699400
EQC,09-Jul-20,31.49,31.7399,28.13,31.24,464300
EQC,10-Jul-20,31.3,31.55,28.13,31.25,485900
EQC,13-Jul-20,31.34,31.69,28.13,31.44,754300
EQC,14-Jul-20,31.44,31.81,28.13,31.43,330900
EQC,15-Jul-20,31.71,31.83,28.13,31.39,501700
EQC,16-Jul-20,31.3,31.45,28.13,31.28,776800
EQC,17-Jul-20,31.37,31.6,28.13,31.5,584200
EQC,20-Jul-20,31.59,31.72,28.13,31.67,883700
EQC,21-Jul-20,31.74,31.85,28.13,31.41,534300
EQC,22-Jul-20,31.32,31.87,28.13,31.69,983900
EQC,23-Jul-20,31.75,31.99,28.13,31.88,464600
EQC,24-Jul-20,31.67,31.84,28.13,31.36,323700
EQC,27-Jul-20,31.34,31.44,28.13,31.41,518700
EQC,28-Jul-20,31.37,32,28.13,31.88,338700
EQC,29-Jul-20,32.07,32.31,28.13,31.9,570500
EQC,30-Jul-20,31.88,32.37,28.13,31.3,683100
EQC,31-Jul-20,31.33,31.57,28.13,31.57,1010400
EQC,03-Aug-20,31.61,31.61,28.13,31.24,818700
EQC,04-Aug-20,31.01,31.39,28.13,31.1,1930500
EQC,05-Aug-20,31.11,31.295,28.13,31.11,783400
EQC,06-Aug-20,31.08,31.24,28.13,31.06,460800
EQC,07-Aug-20,30.95,31.42,28.13,31.12,807200
EQC,10-Aug-20,31.17,31.48,28.13,31.11,1276000
EQC,11-Aug-20,31.33,31.43,28.13,30.88,900800
EQC,12-Aug-20,30.91,31.08,28.13,30.84,440100
EQC,13-Aug-20,30.7,31.05,28.13,30.54,533000
EQC,14-Aug-20,30.58,30.7,28.13,30.53,365900
EQC,17-Aug-20,30.56,30.84,28.13,30.57,500500
EQC,18-Aug-20,30.5,30.75,28.13,30.63,698500
EQC,19-Aug-20,30.65,30.77,28.13,30.25,868500
EQC,20-Aug-20,30.25,30.65,28.13,30.3,798700
EQC,21-Aug-20,30.35,30.49,28.13,30.33,559100
EQC,24-Aug-20,30.31,30.615,28.13,30.56,419100
EQC,25-Aug-20,30.64,30.72,28.13,30.72,592100
EQC,26-Aug-20,30.57,30.775,28.13,30.76,500000
EQC,27-Aug-20,30.8,31.21,28.13,31.15,468400
EQC,28-Aug-20,31.23,31.4,28.13,31.39,738700
EQC,31-Aug-20,31.32,31.43,28.13,31.39,895000
EQC,01-Sep-20,31.31,31.57,28.13,31,705000
EQC,02-Sep-20,30.99,31.31,28.13,31.29,828800
EQC,03-Sep-20,31.26,31.76,28.13,31.28,593800
EQC,04-Sep-20,31.26,31.45,28.13,31.25,718800
EQC,07-Sep-20,31.25,31.25,28.13,31.25,0
EQC,08-Sep-20,31.14,31.24,28.13,31,690000
EQC,09-Sep-20,31.12,31.39,28.13,30.9,617500
EQC,10-Sep-20,30.85,30.88,28.13,30.58,692900
EQC,11-Sep-20,30.6,30.7999,28.13,30.36,588200
EQC,14-Sep-20,30.5,30.8,28.13,30.73,626100
EQC,15-Sep-20,30.72,30.915,28.13,30.54,454400
EQC,16-Sep-20,30.63,30.64,28.13,30.39,720400
EQC,17-Sep-20,30.83,30.835,28.13,30.23,1376100
EQC,18-Sep-20,30.2,30.44,28.13,29.89,2135700
EQC,21-Sep-20,29.82,30.13,28.13,29.57,1051400
EQC,22-Sep-20,29.7,30.07,28.13,29.88,700700
EQC,23-Sep-20,29.89,29.89,28.13,29.29,837800
EQC,24-Sep-20,29.29,29.65,28.13,29.44,1030100
EQC,25-Sep-20,29.39,29.87,28.13,29.85,941000
EQC,28-Sep-20,29.99,30.29,28.13,30.24,797300
EQC,29-Sep-20,30.25,30.3099,28.13,29.87,760400
EQC,30-Sep-20,26.52,27.46,28.13,26.63,1913700
EQC,01-Oct-20,26.72,27.22,28.13,27.21,1149600
EQC,02-Oct-20,27,27.385,28.13,27.28,973800
EQC,05-Oct-20,27.39,27.49,28.13,27.42,811700
EQC,06-Oct-20,27.3,27.58,28.13,27.36,773200
EQC,07-Oct-20,27.31,27.38,28.13,27.12,959100
EQC,08-Oct-20,27.26,27.38,28.13,27.31,974500
EQC,09-Oct-20,27.43,27.73,28.13,27.49,969300
EQC,12-Oct-20,27.59,27.65,28.13,27.54,904000
EQC,13-Oct-20,27.44,27.68,28.13,27.35,530500
EQC,14-Oct-20,27.3,27.43,28.13,27.07,637700
EQC,15-Oct-20,26.96,27.25,28.13,27.09,592600
EQC,16-Oct-20,27.06,27.13,28.13,26.94,616100
EQC,19-Oct-20,26.93,26.95,28.13,26.41,621500
EQC,20-Oct-20,26.61,26.76,28.13,26.35,544900
EQC,21-Oct-20,26.37,26.48,28.13,26.47,751900
EQC,22-Oct-20,26.5,26.7,28.13,26.6,448900
EQC,23-Oct-20,26.74,26.84,28.13,26.7,369900
EQC,26-Oct-20,26.49,26.61,28.13,26.6,533500
EQC,27-Oct-20,26.6,26.68,28.13,26.38,496900
EQC,28-Oct-20,26.05,26.38,28.13,26.08,824300
EQC,29-Oct-20,26.01,26.65,28.13,26.36,631600
EQC,30-Oct-20,26.27,26.47,28.13,26.42,715800
EQC,02-Nov-20,26.6,26.92,28.13,26.9,929800
EQC,03-Nov-20,27.03,27.15,28.13,26.84,621800
EQC,04-Nov-20,26.83,26.9,28.13,26.5,673500
EQC,05-Nov-20,26.59,26.77,28.13,26.43,642400
EQC,06-Nov-20,26.39,26.47,28.13,26.26,570100
EQC,09-Nov-20,26.93,27.18,28.13,26.36,1591300
EQC,10-Nov-20,26.44,26.94,28.13,26.85,1215200
EQC,11-Nov-20,26.94,27.235,28.13,26.97,1212800
EQC,12-Nov-20,26.95,26.95,28.13,26.48,1169900
EQC,13-Nov-20,26.67,27.28,28.13,27.2,2946800
EQC,16-Nov-20,27.5,27.78,28.13,26.94,905800
EQC,17-Nov-20,26.8,27.06,28.13,26.83,735500
EQC,18-Nov-20,26.84,27.0025,28.13,26.35,719000
EQC,19-Nov-20,26.26,26.57,28.13,26.54,608000
EQC,20-Nov-20,26.47,26.56,28.13,26.53,652700
EQC,23-Nov-20,26.64,26.72,28.13,26.44,546700
EQC,24-Nov-20,26.55,26.67,28.13,26.32,923300
EQC,25-Nov-20,26.38,26.5,28.13,26.41,642900
EQC,26-Nov-20,26.41,26.41,28.13,26.41,0
EQC,27-Nov-20,26.44,26.54,28.13,26.54,216600
EQC,30-Nov-20,26.45,26.52,28.13,26.51,1371500
EQC,01-Dec-20,26.58,26.8,28.13,26.44,868200
EQC,02-Dec-20,26.38,26.5,28.13,26.25,906500
EQC,03-Dec-20,26.22,26.48,28.13,26.38,772000
EQC,04-Dec-20,26.41,26.49,28.13,26.45,912600
EQC,07-Dec-20,26.54,26.54,28.13,26.37,601200
EQC,08-Dec-20,26.34,26.5,28.13,26.36,695100
EQC,09-Dec-20,26.32,26.51,28.13,26.5,708700
EQC,10-Dec-20,26.4,26.59,28.13,26.38,629900
EQC,11-Dec-20,26.42,26.52,28.13,26.38,827500
EQC,14-Dec-20,26.45,26.78,28.13,26.44,714500
EQC,15-Dec-20,26.51,26.6,28.13,26.55,691600
EQC,16-Dec-20,26.62,26.86,28.13,26.38,885300
EQC,17-Dec-20,26.49,26.55,28.13,26.46,837400
EQC,18-Dec-20,26.5,26.68,28.13,26.4,1540500
EQC,21-Dec-20,26.3,26.51,28.13,26.42,975300
EQC,22-Dec-20,26.41,26.5,28.13,26.41,619600
EQC,23-Dec-20,26.35,26.72,28.13,26.4,939900
EQC,24-Dec-20,26.47,26.53,28.13,26.48,360400
EQC,25-Dec-20,26.48,26.48,28.13,26.48,0
EQC,28-Dec-20,26.52,26.97,28.13,26.95,797900
EQC,29-Dec-20,26.92,27,28.13,26.88,653600
EQC,30-Dec-20,26.85,27.12,28.13,26.99,1289300
EQC,31-Dec-20,26.92,27.32,28.13,27.28,527400
EQC,01-Jan-21,27.28,27.28,28.13,27.28,0
EQC,04-Jan-21,27.28,27.49,28.13,26.94,1262900
EQC,05-Jan-21,26.88,27.02,28.13,26.55,976900
EQC,06-Jan-21,26.58,27,28.13,26.96,856800
EQC,07-Jan-21,26.97,27.11,28.13,26.97,952000
EQC,08-Jan-21,26.98,27.27,28.13,27.23,710900
EQC,11-Jan-21,27.1,27.37,28.13,27.26,855800
EQC,12-Jan-21,27.28,27.35,28.13,26.99,572800
EQC,13-Jan-21,26.97,27.34,28.13,27.09,566200
EQC,14-Jan-21,27.16,27.54,28.13,27.49,1017900
EQC,15-Jan-21,27.41,27.8,28.13,27.79,847100
EQC,18-Jan-21,27.79,27.79,28.13,27.79,0
EQC,19-Jan-21,27.88,28.15,28.13,28.08,986700
EQC,20-Jan-21,28.11,28.66,28.13,28.46,613700
EQC,21-Jan-21,28.33,28.35,28.13,28.1,646900
EQC,22-Jan-21,28.05,28.16,28.13,28.13,362100
EQC,25-Jan-21,28.13,28.54,28.13,28.25,574900
EQC,26-Jan-21,28.33,28.47,28.13,28.38,505600
EQC,27-Jan-21,28.34,28.55,28.13,28.55,1249100
EQC,28-Jan-21,28.56,28.74,28.13,28.5,1069100
EQC,29-Jan-21,28.36,28.665,28.13,28.51,1009600
EQC,01-Feb-21,28.53,28.75,28.13,28.6,814900
EQC,02-Feb-21,28.56,28.72,28.13,28.58,472900
EQC,03-Feb-21,28.44,28.65,28.13,28.46,546800
EQC,04-Feb-21,28.58,28.71,28.13,28.54,634200
EQC,05-Feb-21,28.63,28.66,28.13,28.52,397700
EQC,08-Feb-21,28.56,28.77,28.13,28.76,515100
EQC,09-Feb-21,28.85,29.05,28.13,28.97,468200
EQC,10-Feb-21,29.12,29.29,28.13,29.25,503800
EQC,11-Feb-21,29.23,29.23,28.13,28.85,521600
EQC,12-Feb-21,28.73,29.04,28.13,28.94,362300
EQC,15-Feb-21,28.94,28.94,28.13,28.94,0
EQC,16-Feb-21,28.93,28.96,28.13,28.82,550800
EQC,17-Feb-21,28.91,28.95,28.13,28.6,512600
EQC,18-Feb-21,28.62,28.77,28.13,28.68,664600
EQC,19-Feb-21,28.73,28.92,28.13,28.25,637500
EQC,22-Feb-21,28.26,28.58,28.13,28.49,440700
EQC,23-Feb-21,28.44,29.18,28.13,29.08,776800
EQC,24-Feb-21,29.08,29.29,28.13,28.71,633600
EQC,25-Feb-21,28.79,29.1,28.13,28.72,953800
EQC,26-Feb-21,28.71,28.75,28.13,28.21,977900
EQC,01-Mar-21,28.44,28.78,28.13,28.12,1058300
EQC,02-Mar-21,28.07,28.5,28.13,28.03,939400
EQC,03-Mar-21,27.94,28.45,28.13,28.26,525300
EQC,04-Mar-21,28.26,28.84,28.13,28.53,1150900
EQC,05-Mar-21,28.7,28.72,28.13,28.71,902500
EQC,08-Mar-21,28.77,29.18,28.13,28.7,989300
EQC,09-Mar-21,28.64,28.81,28.13,28.53,741600
EQC,10-Mar-21,28.56,28.71,28.13,28.58,872000
EQC,11-Mar-21,28.5,28.62,28.13,28.5,754200
EQC,12-Mar-21,28.57,28.67,28.13,28.5,1098400
EQC,15-Mar-21,28.56,28.61,28.13,28.45,763600
EQC,16-Mar-21,28.42,28.49,28.13,28.4,739700
EQC,17-Mar-21,28.32,28.5,28.13,28.38,453200
EQC,18-Mar-21,28.38,28.48,28.13,28.28,1063700
EQC,19-Mar-21,28.31,28.525,28.13,28.1,1808800
EQC,22-Mar-21,28,28.45,28.13,28.39,751300
EQC,23-Mar-21,28.39,28.53,28.13,28.53,1307500
EQC,24-Mar-21,28.5,28.62,28.13,28.26,1175500
EQC,25-Mar-21,28.26,28.45,28.13,28.34,658000
EQC,26-Mar-21,28.36,28.5,28.13,28.47,777700
EQC,29-Mar-21,28.39,28.65,28.13,28.31,972500
EQC,30-Mar-21,28.28,28.57,28.13,28.38,1242500
EQC,31-Mar-21,28.28,28.3,28.13,27.8,1624100
EQC,01-Apr-21,27.85,28.31,28.13,28.3,1349700
EQC,02-Apr-21,28.3,28.3,28.13,28.3,0
EQC,05-Apr-21,28.3,28.44,28.13,28.26,736300
EQC,06-Apr-21,28.34,28.42,28.13,28.4,653300
EQC,07-Apr-21,28.48,28.48,28.13,28.34,640100
EQC,08-Apr-21,28.33,28.53,28.13,28.15,894600
EQC,09-Apr-21,28.15,28.34,28.13,28.2,807800
EQC,12-Apr-21,28.31,28.37,28.13,28.15,681900
EQC,13-Apr-21,28.2,28.37,28.13,28.26,682800
EQC,14-Apr-21,28.26,28.5,28.13,28.28,591500
EQC,15-Apr-21,28.33,28.51,28.13,28.44,1151900
EQC,16-Apr-21,28.6,28.68,28.13,28.6,1236500
EQC,19-Apr-21,28.68,28.85,28.13,28.59,711400
EQC,20-Apr-21,28.49,28.94,28.13,28.85,724700
EQC,21-Apr-21,28.99,29.03,28.13,28.74,1011700
EQC,22-Apr-21,28.63,28.74,28.13,28.52,755800
EQC,23-Apr-21,28.65,28.68,28.13,28.36,751600
EQC,26-Apr-21,28.41,28.59,28.13,28.48,504900
EQC,27-Apr-21,28.54,28.67,28.13,28.48,628300
EQC,28-Apr-21,28.45,28.62,28.13,28.4,558000
EQC,29-Apr-21,28.45,28.74,28.13,28.57,733100
EQC,30-Apr-21,28.57,28.89,28.13,28.8,794400
EQC,03-May-21,28.84,28.95,28.13,28.78,766900
EQC,04-May-21,28.89,29.07,28.13,28.95,1061900
EQC,05-May-21,27.5,27.87,28.13,27.66,5462200
EQC,06-May-21,27.8,27.91,28.13,27.51,2964600
EQC,07-May-21,27.17,27.7,28.13,27.67,2443100
EQC,10-May-21,27.74,27.75,28.13,27.25,1934400
EQC,11-May-21,27.18,27.26,28.13,26.71,2135300
EQC,12-May-21,26.67,26.75,28.13,26.58,2303300
EQC,13-May-21,26.68,27.05,28.13,27,2411100
EQC,14-May-21,27.11,27.195,28.13,27.16,1329000
EQC,17-May-21,27.22,27.56,28.13,27.27,1075100
EQC,18-May-21,27.23,27.6199,28.13,27.42,1280300
EQC,19-May-21,27.36,27.58,28.13,27.57,895900
EQC,20-May-21,27.57,27.75,28.13,27.43,1009700
EQC,21-May-21,27.43,27.71,28.13,27.62,963700
EQC,24-May-21,27.78,27.95,28.13,27.76,575200
EQC,25-May-21,27.73,27.84,28.13,27.62,581200
EQC,26-May-21,27.67,27.78,28.13,27.69,432200
EQC,27-May-21,27.68,27.705,28.13,27.39,1349200
EQC,28-May-21,27.48,27.6,28.13,27.44,685800
EQC,31-May-21,27.44,27.44,28.13,27.44,0
EQC,01-Jun-21,27.4,27.97,28.13,27.93,1064600
EQC,02-Jun-21,27.98,27.98,28.13,27.81,841000
EQC,03-Jun-21,27.75,27.84,28.13,27.77,1227500
EQC,04-Jun-21,27.74,27.89,28.13,27.85,839900
EQC,07-Jun-21,27.96,27.98,28.13,27.83,886000
EQC,08-Jun-21,27.93,28.03,28.13,27.9,1013400
EQC,09-Jun-21,27.99,28.2,28.13,28.02,663000
EQC,10-Jun-21,28.02,28.18,28.13,28.17,1046000
EQC,11-Jun-21,28.07,28.12,28.13,28.01,1010800
EQC,14-Jun-21,27.92,28.13,28.13,28.12,1072200
EQC,15-Jun-21,28.12,28.19,28.13,27.97,721100
EQC,16-Jun-21,27.99,28.06,28.13,27.72,706700
EQC,17-Jun-21,27.68,27.8,28.13,27.77,788900
EQC,18-Jun-21,27.71,27.78,28.13,27.33,1538100
EQC,21-Jun-21,27.39,27.945,28.13,27.81,860900
EQC,22-Jun-21,27.83,28,28.13,27.31,1132200
EQC,23-Jun-21,27.27,27.41,28.13,27.02,819500
EQC,24-Jun-21,27.01,27.15,28.13,26.87,1057900
EQC,25-Jun-21,26.85,26.98,28.13,26.76,14119200
