EQIX,01-Jan-2016,302.4,302.4,302.4,302.4,0
EQIX,04-Jan-2016,299.75,300.6,293.25,296.08,879600
EQIX,05-Jan-2016,297.98,304.53,294.17,303.41,1440300
EQIX,06-Jan-2016,299.64,310.28,298.88,309.13,1147400
EQIX,07-Jan-2016,304.73,306.7,302.25,303.29,1151900
EQIX,08-Jan-2016,304.6,312.29,304.32,309.79,1463300
EQIX,11-Jan-2016,311.74,318.36,309.36,312.88,1605900
EQIX,12-Jan-2016,314.76,316,309.83,314.92,860500
EQIX,13-Jan-2016,314.24,316.2,304.69,305.58,1222800
EQIX,14-Jan-2016,306.07,315.5,297.29,310.99,3697900
EQIX,15-Jan-2016,305.01,309.97,299.8,303.19,1256200
EQIX,18-Jan-2016,303.19,303.19,303.19,303.19,0
EQIX,19-Jan-2016,308.5,308.94,289.72,295.11,1831500
EQIX,20-Jan-2016,290.84,297.25,281.85,294.36,1383600
EQIX,21-Jan-2016,294.29,295.35,287.31,289.78,860600
EQIX,22-Jan-2016,293.7,298.55,291.36,297.05,1268700
EQIX,25-Jan-2016,296.26,306.31,295.78,299.93,1369600
EQIX,26-Jan-2016,304.18,305.99,299.88,303.64,1045100
EQIX,27-Jan-2016,304.24,307.96,297.02,299.57,1089600
EQIX,28-Jan-2016,301.25,309.96,295.51,300.22,1032400
EQIX,29-Jan-2016,301.33,310.83,300.01,310.57,1145200
EQIX,01-Feb-2016,310.05,315.81,308.88,311.44,812100
EQIX,02-Feb-2016,307.93,313.87,307.26,312.59,1013400
EQIX,03-Feb-2016,313.5,314.88,304.34,309.54,1268000
EQIX,04-Feb-2016,312.17,314.08,305.36,308.45,1032900
EQIX,05-Feb-2016,306.91,307.34,288.11,288.44,1390300
EQIX,08-Feb-2016,285.88,286,261.81,268.84,1850200
EQIX,09-Feb-2016,268.69,269.99,255.45,265.05,2096900
EQIX,10-Feb-2016,268.05,278.28,266.29,273.34,1498100
EQIX,11-Feb-2016,265.4,279.29,265.4,275.05,978600
EQIX,12-Feb-2016,279.54,285.17,276.56,284.88,1081500
EQIX,15-Feb-2016,284.88,284.88,284.88,284.88,0
EQIX,16-Feb-2016,285.82,291.68,284.44,291.3,1304600
EQIX,17-Feb-2016,291.3,296.43,285.95,290.65,1320100
EQIX,18-Feb-2016,288.02,293.67,286.95,290.31,1178300
EQIX,19-Feb-2016,287.9,304.13,284.76,299.37,2164300
EQIX,22-Feb-2016,302.17,304.83,298.17,299.83,941400
EQIX,23-Feb-2016,298.85,299.9,290.62,292.06,969900
EQIX,24-Feb-2016,290.59,296.61,287.69,295.01,1078400
EQIX,25-Feb-2016,296.23,307.62,296.23,307.49,999700
EQIX,26-Feb-2016,306.49,315.06,303.66,306.77,897700
EQIX,29-Feb-2016,305.31,308.77,302.95,303.69,1017100
EQIX,01-Mar-2016,306.24,308.57,303.02,308.4,1334900
EQIX,02-Mar-2016,307.71,308,299.3,304.01,1016200
EQIX,03-Mar-2016,302.78,310.81,301.7,310.59,1113100
EQIX,04-Mar-2016,310.59,311.44,303.5,309.72,1009100
EQIX,07-Mar-2016,305.89,308.02,294.05,297.73,1080200
EQIX,08-Mar-2016,295.84,303.72,295.37,298.75,872400
EQIX,09-Mar-2016,299.92,303.7,299.29,301.26,675100
EQIX,10-Mar-2016,303.46,307.6,301.3,306.71,811400
EQIX,11-Mar-2016,310,319.36,308.66,318,983600
EQIX,14-Mar-2016,313.77,315.67,309.37,314.02,836800
EQIX,15-Mar-2016,311.26,315.61,311.26,312.47,850700
EQIX,16-Mar-2016,310.28,318.32,310.28,316.76,671300
EQIX,17-Mar-2016,316.59,321.45,315.07,316.98,1008800
EQIX,18-Mar-2016,317.5,318.29,314.2,315.76,1049100
EQIX,21-Mar-2016,314.76,319,311.95,317.39,619900
EQIX,22-Mar-2016,315.65,320.45,315.31,319.04,529000
EQIX,23-Mar-2016,319.31,320.49,317.72,319.36,456900
EQIX,24-Mar-2016,317.96,323,317.8,320.75,548000
EQIX,25-Mar-2016,320.75,320.75,320.75,320.75,0
EQIX,28-Mar-2016,321.7,324.97,320.69,323.77,389600
EQIX,29-Mar-2016,322.77,329.41,322.77,329.34,515300
EQIX,30-Mar-2016,330.29,331.67,327.79,328.11,534600
EQIX,31-Mar-2016,327.54,331.8,326.96,330.71,819200
EQIX,01-Apr-2016,328.31,332.2,327.71,329.94,499800
EQIX,04-Apr-2016,331.95,334.18,330.34,333.11,515200
EQIX,05-Apr-2016,330,333.21,328.24,328.64,427900
EQIX,06-Apr-2016,328.01,329.7,326.16,327.41,735800
EQIX,07-Apr-2016,325.6,326.95,323.12,325.81,573500
EQIX,08-Apr-2016,328.72,329.72,322.92,325.99,554700
EQIX,11-Apr-2016,327.96,328,323.46,323.99,609200
EQIX,12-Apr-2016,326.2,326.2,321.21,322.13,663000
EQIX,13-Apr-2016,322.4,322.4,318.41,321.55,519900
EQIX,14-Apr-2016,320.78,322.19,318.6,320.75,357100
EQIX,15-Apr-2016,320.5,325.32,319.64,324.1,480300
EQIX,18-Apr-2016,323.01,326.01,322.23,325.59,303600
EQIX,19-Apr-2016,327.21,327.88,321.68,324.86,318600
EQIX,20-Apr-2016,325.07,326.96,322.34,325.11,464100
EQIX,21-Apr-2016,324.23,329.32,318.07,319.89,695500
EQIX,22-Apr-2016,320.14,322.92,316.3,322.01,395200
EQIX,25-Apr-2016,321.54,326.85,320.16,326.82,373600
EQIX,26-Apr-2016,326.57,333.45,325.57,330.11,652900
EQIX,27-Apr-2016,330.05,334.57,326.25,331.82,623900
EQIX,28-Apr-2016,330.77,334.62,327.19,328.24,472100
EQIX,29-Apr-2016,327.17,331.84,324.68,330.35,465400
EQIX,02-May-2016,331.1,333.85,329.5,333.62,394900
EQIX,03-May-2016,332.45,333.49,328.26,332.89,625600
EQIX,04-May-2016,330.82,337.12,330.02,334.83,1049700
EQIX,05-May-2016,334.26,336.91,326.95,330.89,1011500
EQIX,06-May-2016,328.81,337.79,326.56,336.96,820200
EQIX,09-May-2016,336.9,343.47,335.54,341.04,529000
EQIX,10-May-2016,341.93,342.98,339.56,341.11,435200
EQIX,11-May-2016,341.57,343.38,337.78,340.68,584300
EQIX,12-May-2016,342.6,346.98,338.83,346.21,491700
EQIX,13-May-2016,346.2,347.63,343.18,344.37,354100
EQIX,16-May-2016,344.91,348.75,343.51,348.6,414100
EQIX,17-May-2016,345,348.3,341.45,342.32,462900
EQIX,18-May-2016,342.03,344.85,336.6,342.05,550800
EQIX,19-May-2016,338.98,345.48,338.98,343.05,610500
EQIX,20-May-2016,344.28,346.41,340.06,345,535300
EQIX,23-May-2016,343.34,345.86,341.4,344.66,332600
EQIX,24-May-2016,345.65,355.23,344.68,354.73,1005300
EQIX,25-May-2016,356.74,359.12,353.44,357.73,898600
EQIX,26-May-2016,358.38,363.22,356.8,363.09,756700
EQIX,27-May-2016,363.1,368.69,363.1,366.56,824700
EQIX,30-May-2016,366.56,366.56,366.56,366.56,0
EQIX,31-May-2016,368.76,368.89,361.54,362,1151500
EQIX,01-Jun-2016,360.97,366.02,360.21,365.94,643200
EQIX,02-Jun-2016,364.94,367.82,362.94,367.53,587100
EQIX,03-Jun-2016,367.55,368.87,362.14,364.69,593100
EQIX,06-Jun-2016,365,370.24,364.87,369.29,1001800
EQIX,07-Jun-2016,369.2,374.39,369.05,370.95,568600
EQIX,08-Jun-2016,372.57,373.74,369.99,372.94,598700
EQIX,09-Jun-2016,371.73,373.88,371.51,373.21,396300
EQIX,10-Jun-2016,372.69,374.19,368.47,370.3,704100
EQIX,13-Jun-2016,370.01,376.73,369.01,369.32,703300
EQIX,14-Jun-2016,369,371.34,367.2,369.31,884700
EQIX,15-Jun-2016,370.8,373.51,368.42,372.1,442800
EQIX,16-Jun-2016,369.25,378.26,369.25,377.46,830800
EQIX,17-Jun-2016,375.65,378.31,369.23,374.58,1338100
EQIX,20-Jun-2016,378.78,379,373.67,373.91,552100
EQIX,21-Jun-2016,374.66,380.26,374.66,379.51,553700
EQIX,22-Jun-2016,383.19,383.83,379.48,379.65,688400
EQIX,23-Jun-2016,381.72,387.45,375.88,385.43,898500
EQIX,24-Jun-2016,373.21,384.08,370.57,375.95,1408900
EQIX,27-Jun-2016,374.99,375.21,367.48,371.16,845600
EQIX,28-Jun-2016,373.31,377.58,372.07,377.03,579700
EQIX,29-Jun-2016,379.35,386.49,379.35,386.02,614600
EQIX,30-Jun-2016,387.02,387.93,383.15,387.73,525800
EQIX,01-Jul-2016,387.82,390.74,384.76,386.88,397300
EQIX,04-Jul-2016,386.88,386.88,386.88,386.88,0
EQIX,05-Jul-2016,386,388.38,383.71,386.14,469000
EQIX,06-Jul-2016,384.31,388.26,379.59,387.44,627200
EQIX,07-Jul-2016,387.34,387.83,381.88,382.68,386100
EQIX,08-Jul-2016,384.65,390.5,384.21,389.45,400000
EQIX,11-Jul-2016,390.01,391.07,385.24,388.75,331500
EQIX,12-Jul-2016,389.73,390.39,383.47,387.2,446100
EQIX,13-Jul-2016,389.08,389.41,384.74,386.71,322000
EQIX,14-Jul-2016,388.29,390,381.38,383.81,392800
EQIX,15-Jul-2016,381.98,381.98,377.37,379.97,763100
EQIX,18-Jul-2016,380.95,381.51,378.14,380.4,337600
EQIX,19-Jul-2016,379.22,381.42,378.48,380.01,499800
EQIX,20-Jul-2016,380.8,381.91,378.94,379.45,393100
EQIX,21-Jul-2016,378.33,378.73,370.35,372.56,571900
EQIX,22-Jul-2016,373.5,378.98,372.87,376.86,597300
EQIX,25-Jul-2016,377.17,378.1,372.61,376.33,271200
EQIX,26-Jul-2016,377.2,379.22,370.01,377.44,284900
EQIX,27-Jul-2016,377.22,377.47,371.83,373.74,346400
EQIX,28-Jul-2016,374,380.79,373.27,380.17,435900
EQIX,29-Jul-2016,380,380.86,372.8,372.87,607400
EQIX,01-Aug-2016,373.93,379.29,372.95,378.97,434300
EQIX,02-Aug-2016,379.22,380,371.41,373.46,541000
EQIX,03-Aug-2016,372.24,375.69,368.63,370.34,742500
EQIX,04-Aug-2016,372.86,374.18,366.01,371.4,893500
EQIX,05-Aug-2016,371.95,373.73,365.24,365.5,661800
EQIX,08-Aug-2016,364.9,365.47,361.22,364.3,713300
EQIX,09-Aug-2016,364.15,369.91,363.67,367.23,490700
EQIX,10-Aug-2016,367.51,370.2,365.63,367.83,320200
EQIX,11-Aug-2016,367.51,369.27,362.75,367.75,524100
EQIX,12-Aug-2016,366.62,370.95,365.72,369.04,342100
EQIX,15-Aug-2016,368.76,372.72,368.49,371.33,329100
EQIX,16-Aug-2016,370.33,371.47,366.72,367.08,398600
EQIX,17-Aug-2016,367.88,367.88,362.67,367,558700
EQIX,18-Aug-2016,366.59,369.65,363.73,363.97,488800
EQIX,19-Aug-2016,363.52,367.49,361.43,366.31,373400
EQIX,22-Aug-2016,367.21,368.61,364.02,366.97,376300
EQIX,23-Aug-2016,369.03,370,367.05,368.14,324100
EQIX,24-Aug-2016,367.63,369.51,363.89,364.77,495400
EQIX,25-Aug-2016,364.6,366.79,362.53,363.98,342300
EQIX,26-Aug-2016,364.43,368.35,362.09,364.72,599600
EQIX,29-Aug-2016,365.92,369.9,365.17,368.34,437500
EQIX,30-Aug-2016,368.19,369.23,364.82,368.07,472300
EQIX,31-Aug-2016,367.72,370.91,366.97,368.65,571500
EQIX,01-Sep-2016,368.41,369.67,365.01,366.76,452200
EQIX,02-Sep-2016,367.43,371.81,367.43,371.46,641900
EQIX,05-Sep-2016,371.46,371.46,371.46,371.46,0
EQIX,06-Sep-2016,374.29,378.65,371.79,377.97,870800
EQIX,07-Sep-2016,378.05,378.92,376.29,378.2,580200
EQIX,08-Sep-2016,377.19,379.23,372.86,373.03,780900
EQIX,09-Sep-2016,371.47,372.51,362.57,362.78,731800
EQIX,12-Sep-2016,363.03,367.9,362.3,366,716700
EQIX,13-Sep-2016,363.01,364.92,356.51,356.91,624500
EQIX,14-Sep-2016,356.18,359.71,354.33,355.29,488200
EQIX,15-Sep-2016,353.96,362.53,352.51,361.79,501500
EQIX,16-Sep-2016,359.82,361.5,356.38,358.21,1050400
EQIX,19-Sep-2016,360.45,366.79,359.2,366.73,514100
EQIX,20-Sep-2016,367.49,369.29,349.6,355.01,1445400
EQIX,21-Sep-2016,355.33,357.32,348.1,356.91,1038600
EQIX,22-Sep-2016,359.55,361.81,358.62,360.38,465300
EQIX,23-Sep-2016,359.72,361.13,355.53,359.78,417700
EQIX,26-Sep-2016,358.09,363.05,357.43,362.4,359300
EQIX,27-Sep-2016,364.66,364.66,361.29,362.26,381700
EQIX,28-Sep-2016,363.85,363.96,360.47,362.38,478200
EQIX,29-Sep-2016,360.28,362.92,357.88,359.95,405900
EQIX,30-Sep-2016,360.3,363.48,357.32,360.25,611300
EQIX,03-Oct-2016,360.63,360.63,354.99,356.19,449400
EQIX,04-Oct-2016,357.36,357.36,351.09,353.12,527100
EQIX,05-Oct-2016,353.13,354.68,342.28,349.03,818400
EQIX,06-Oct-2016,348.16,354.4,345.92,353.15,510700
EQIX,07-Oct-2016,354.14,354.99,347.97,351.09,390300
EQIX,10-Oct-2016,352.12,358.69,351.36,356.42,491400
EQIX,11-Oct-2016,350.06,357.69,350.06,352.8,475000
EQIX,12-Oct-2016,353,360.25,351.7,359.9,449300
EQIX,13-Oct-2016,356.95,361.99,355.7,361.9,456300
EQIX,14-Oct-2016,363.51,366.28,360.56,361.72,286800
EQIX,17-Oct-2016,361.48,363.99,359.07,361.15,286200
EQIX,18-Oct-2016,362.38,368.44,362.08,365.94,332600
EQIX,19-Oct-2016,367.4,369.11,362.96,368.51,541000
EQIX,20-Oct-2016,369.45,369.8,365.53,367.98,612000
EQIX,21-Oct-2016,365.47,371.1,364.75,369.91,345200
EQIX,24-Oct-2016,371.99,374.26,369.16,372.11,323100
EQIX,25-Oct-2016,370.58,374.09,367.76,373.22,405400
EQIX,26-Oct-2016,372.79,373.95,367.36,367.91,382500
EQIX,27-Oct-2016,368.1,369.99,350.17,351.56,995200
EQIX,28-Oct-2016,352.25,355.66,350.35,354.97,470600
EQIX,31-Oct-2016,354.59,359.22,350.24,357.28,424900
EQIX,01-Nov-2016,357.78,357.78,347.45,347.71,891100
EQIX,02-Nov-2016,348.05,349.72,343.22,346.17,924600
EQIX,03-Nov-2016,347.66,347.66,338.1,338.71,1061300
EQIX,04-Nov-2016,339.05,341.1,333.86,340.52,1570600
EQIX,07-Nov-2016,343.81,350.73,341.72,350.14,761200
EQIX,08-Nov-2016,351.44,358.2,349.76,356.25,714400
EQIX,09-Nov-2016,347.19,350.44,343.11,347.93,806200
EQIX,10-Nov-2016,347.32,347.32,321.85,330.8,1623400
EQIX,11-Nov-2016,330.89,334.48,324.51,325.05,855100
EQIX,14-Nov-2016,323.56,331,314.55,330.2,897100
EQIX,15-Nov-2016,331.12,343.81,330.2,336.34,1022300
EQIX,16-Nov-2016,334.49,336.19,330.77,335.98,479700
EQIX,17-Nov-2016,335.07,337.6,330.34,331.14,445300
EQIX,18-Nov-2016,331.72,335.55,331.14,333.24,535200
EQIX,21-Nov-2016,334.35,337.6,333.43,335.94,380800
EQIX,22-Nov-2016,336.92,345.22,335.54,343.96,526500
EQIX,23-Nov-2016,343.73,344.14,336.73,338.21,494300
EQIX,24-Nov-2016,338.21,338.21,338.21,338.21,0
EQIX,25-Nov-2016,337.74,341.39,336.67,339.76,235500
EQIX,28-Nov-2016,338.5,343.68,338.5,341.23,422100
EQIX,29-Nov-2016,339.57,347.83,338.05,343.39,431900
EQIX,30-Nov-2016,342.5,343.15,336.33,338.76,922900
EQIX,01-Dec-2016,338.45,338.45,327.86,329.42,686300
EQIX,02-Dec-2016,327.76,335.08,327.76,330.68,601200
EQIX,05-Dec-2016,332.26,333.72,331,332.08,402700
EQIX,06-Dec-2016,333.61,342.81,329.18,329.49,948700
EQIX,07-Dec-2016,330.21,339.54,327.37,339,829100
EQIX,08-Dec-2016,338.47,348.33,337.91,346.46,647600
EQIX,09-Dec-2016,345.05,351.14,343.59,346.03,579000
EQIX,12-Dec-2016,344.93,359.44,343.55,357.22,895100
EQIX,13-Dec-2016,357.12,369.67,357.12,361.39,794300
EQIX,14-Dec-2016,361.25,364.3,354.07,354.59,872600
EQIX,15-Dec-2016,355.26,356.93,348.8,349.81,963800
EQIX,16-Dec-2016,351.25,354.97,349.06,350,988600
EQIX,19-Dec-2016,351.42,355.88,349.49,354.49,501900
EQIX,20-Dec-2016,355.17,357.45,352.64,354.74,513000
EQIX,21-Dec-2016,355.49,356.74,349.76,350.02,596200
EQIX,22-Dec-2016,350.96,351.76,347.99,351.04,628000
EQIX,23-Dec-2016,352.1,358.14,350.37,356.61,338100
EQIX,26-Dec-2016,356.61,356.61,356.61,356.61,0
EQIX,27-Dec-2016,356.78,359.65,355.11,356.72,294700
EQIX,28-Dec-2016,357.22,359.55,353.43,353.86,294400
EQIX,29-Dec-2016,353.42,358.93,351.89,357.09,372000
EQIX,30-Dec-2016,358.15,358.34,353.48,357.41,501300
EQIX,02-Jan-2017,357.41,357.41,357.41,357.41,0
EQIX,03-Jan-2017,357.29,360.48,355.18,358.72,411400
EQIX,04-Jan-2017,358.53,367.3,357.1,365.91,644300
EQIX,05-Jan-2017,366.21,370,363.18,369.75,492900
EQIX,06-Jan-2017,369.94,373.09,367.89,370.49,458300
EQIX,09-Jan-2017,370.49,375.15,368.17,373.19,568300
EQIX,10-Jan-2017,373.51,373.51,368.01,370.03,450000
EQIX,11-Jan-2017,369.18,374.8,368.69,371.58,547900
EQIX,12-Jan-2017,371.42,374.75,368.8,374.15,453300
EQIX,13-Jan-2017,373.64,377.2,372.2,374.95,260000
EQIX,16-Jan-2017,374.95,374.95,374.95,374.95,0
EQIX,17-Jan-2017,374.77,378.91,373.3,376.13,363200
EQIX,18-Jan-2017,377.12,378.9,375.05,376.73,353000
EQIX,19-Jan-2017,376.73,381.96,375.33,381.15,628200
EQIX,20-Jan-2017,381.99,383.46,380.56,383.27,397500
EQIX,23-Jan-2017,382.64,387.4,381.41,385.35,533200
EQIX,24-Jan-2017,386.5,389.97,384.06,389.66,401600
EQIX,25-Jan-2017,389.31,390.52,383.14,384.43,597800
EQIX,26-Jan-2017,383.29,387.33,382.55,384.21,507400
EQIX,27-Jan-2017,385.26,385.52,382,382.96,353000
EQIX,30-Jan-2017,381.89,386.44,380.88,386.37,313000
EQIX,31-Jan-2017,386.45,387.92,383.71,384.98,333600
EQIX,01-Feb-2017,385,386.8,380.88,381.3,471700
EQIX,02-Feb-2017,381.92,385.37,380.32,383.08,338900
EQIX,03-Feb-2017,385.39,386.4,384.09,384.82,286100
EQIX,06-Feb-2017,385.26,385.7,381.26,381.67,380400
EQIX,07-Feb-2017,381.87,383.55,380.32,380.64,383400
EQIX,08-Feb-2017,381.63,384.42,380.41,383.97,466500
EQIX,09-Feb-2017,384.43,387.13,382.52,385.8,471100
EQIX,10-Feb-2017,386.85,387.48,384.34,386.45,334000
EQIX,13-Feb-2017,388.3,388.3,384.81,386.69,339200
EQIX,14-Feb-2017,386.9,386.9,380.14,382.64,329600
EQIX,15-Feb-2017,379.79,383.61,378.75,380.76,457200
EQIX,16-Feb-2017,375,384.11,369.66,373.18,1233700
EQIX,17-Feb-2017,373.85,378.61,371.6,374.28,606200
EQIX,20-Feb-2017,374.28,374.28,374.28,374.28,0
EQIX,21-Feb-2017,373.04,377,368.6,371.34,695800
EQIX,22-Feb-2017,371.17,373.78,369.79,373.32,509300
EQIX,23-Feb-2017,373.33,375,368.57,370.85,569700
EQIX,24-Feb-2017,371.19,379.8,369.99,379.64,593700
EQIX,27-Feb-2017,379.87,381.26,376.84,377.24,356500
EQIX,28-Feb-2017,377.06,380.48,375.59,376.07,433800
EQIX,01-Mar-2017,375.98,381.2,373.44,377.99,490400
EQIX,02-Mar-2017,378,378.21,372.61,372.73,603200
EQIX,03-Mar-2017,371.18,375.81,370.88,375.69,331500
EQIX,06-Mar-2017,371.55,378.58,371.55,377.55,365300
EQIX,07-Mar-2017,377.58,378.36,374.02,375.24,264100
EQIX,08-Mar-2017,375.43,375.43,361.9,363.43,781400
EQIX,09-Mar-2017,364,376.49,364,376.01,3220300
EQIX,10-Mar-2017,377.8,380.51,373.65,379.16,1249900
EQIX,13-Mar-2017,381.22,385.78,379.21,380.32,1226200
EQIX,14-Mar-2017,380.49,385.15,379.19,381.38,817700
EQIX,15-Mar-2017,381.67,385.48,379.14,383.78,663000
EQIX,16-Mar-2017,383.87,384.02,376.54,378.17,743100
EQIX,17-Mar-2017,378.51,378.8,374.78,375.64,1162600
EQIX,20-Mar-2017,376.73,385.35,376.1,383.57,964600
EQIX,21-Mar-2017,385.85,391.39,382.53,383.41,833400
EQIX,22-Mar-2017,383.61,388.43,383.16,387.47,551100
EQIX,23-Mar-2017,386.95,392.92,385.79,388.05,718200
EQIX,24-Mar-2017,390.66,392.43,384.08,388.09,1714600
EQIX,27-Mar-2017,385,386.44,381.65,384,644300
EQIX,28-Mar-2017,384.22,386.77,383.26,384.86,403400
EQIX,29-Mar-2017,386.05,394.47,384.74,394,588800
EQIX,30-Mar-2017,393.08,398,391.8,397.14,482700
EQIX,31-Mar-2017,396.01,403.62,395.48,400.37,969400
EQIX,03-Apr-2017,400.94,403.33,397.23,402.47,537800
EQIX,04-Apr-2017,402.63,402.63,398.31,399.98,423600
EQIX,05-Apr-2017,399.11,404.54,398.17,400.04,414100
EQIX,06-Apr-2017,399.42,402.99,398.52,402.18,337800
EQIX,07-Apr-2017,402.88,404.08,401.25,401.74,424600
EQIX,10-Apr-2017,401.49,402.5,399.07,400.93,418000
EQIX,11-Apr-2017,400.24,401.63,397.12,399.84,450100
EQIX,12-Apr-2017,398.84,400.53,396.94,399.76,488400
EQIX,13-Apr-2017,400.3,402,398.55,399.11,366600
EQIX,14-Apr-2017,399.11,399.11,399.11,399.11,0
EQIX,17-Apr-2017,398.96,403.02,398.96,403.01,388600
EQIX,18-Apr-2017,402.23,404.24,401.26,402.95,285700
EQIX,19-Apr-2017,403.25,404.62,401.14,403.96,325400
EQIX,20-Apr-2017,404.66,407.55,401.76,405.13,459300
EQIX,21-Apr-2017,405.41,405.58,401.29,401.84,462700
EQIX,24-Apr-2017,405.12,406.47,398.61,404.03,539500
EQIX,25-Apr-2017,404.3,406.86,403.2,406.55,457400
EQIX,26-Apr-2017,407.28,409.87,404.55,407.33,556100
EQIX,27-Apr-2017,414.39,414.8,403,410.94,619700
EQIX,28-Apr-2017,410.65,418.12,409.18,417.7,568400
EQIX,01-May-2017,417.69,420.7,416.3,420.18,569800
EQIX,02-May-2017,420.48,423.56,418.16,422.86,479100
EQIX,03-May-2017,424.09,424.97,420.18,423.18,506100
EQIX,04-May-2017,422.93,425.34,418.63,424.28,574800
EQIX,05-May-2017,424.54,426.45,421.74,426.25,462100
EQIX,08-May-2017,426.66,427.69,422.13,426.64,598100
EQIX,09-May-2017,427.64,427.82,424.42,425.91,341100
EQIX,10-May-2017,426.08,427.29,423.73,425.05,366800
EQIX,11-May-2017,424.35,429.32,422.91,428.77,357300
EQIX,12-May-2017,427.77,431.29,426.62,431.07,532700
EQIX,15-May-2017,431.21,433.77,429.06,429.81,505700
EQIX,16-May-2017,429.8,431.39,424.65,427.64,368600
EQIX,17-May-2017,426.6,430.14,426.16,426.97,414500
EQIX,18-May-2017,425.5,426.56,420.96,425.76,530000
EQIX,19-May-2017,426.69,429.79,423.98,426.74,366800
EQIX,22-May-2017,425.31,435.35,425.31,434.68,407400
EQIX,23-May-2017,435.8,439.1,434.35,435.79,341000
EQIX,24-May-2017,434.94,441.72,434.94,440.43,423500
EQIX,25-May-2017,442.64,446,439.94,444.97,423400
EQIX,26-May-2017,444.98,446.58,439.97,441.22,296800
EQIX,29-May-2017,441.22,441.22,441.22,441.22,0
EQIX,30-May-2017,440.47,442.76,439.79,439.91,345400
EQIX,31-May-2017,440.68,442.65,436.91,441.01,741500
EQIX,01-Jun-2017,441.7,443.02,436.03,436.93,493700
EQIX,02-Jun-2017,437.93,444.71,435,444.32,530800
EQIX,05-Jun-2017,442.56,445.21,440.15,444.21,353600
EQIX,06-Jun-2017,444.44,447.26,441.08,442.31,373800
EQIX,07-Jun-2017,442.02,444.32,437.16,440.69,406300
EQIX,08-Jun-2017,441.75,441.87,434.06,440.39,393900
EQIX,09-Jun-2017,439.39,442.7,435.78,439.21,554900
EQIX,12-Jun-2017,436.78,440.17,422.27,425.01,869700
EQIX,13-Jun-2017,425.57,435,425.44,430.54,393400
EQIX,14-Jun-2017,436.43,437.34,430.78,432.1,408700
EQIX,15-Jun-2017,429.08,435.28,427.1,433.96,315600
EQIX,16-Jun-2017,436.36,437.34,424.02,427.28,1718000
EQIX,19-Jun-2017,427.86,432.64,426.65,432.22,457400
EQIX,20-Jun-2017,433.78,435.55,430.1,433.94,456300
EQIX,21-Jun-2017,431.9,437,426.78,436.49,702500
EQIX,22-Jun-2017,436.2,442.5,433.01,440.29,606100
EQIX,23-Jun-2017,439.79,442.62,433.79,434.07,1409500
EQIX,26-Jun-2017,434.37,440.14,433.7,438.49,473700
EQIX,27-Jun-2017,437.94,439.83,433.15,433.65,404700
EQIX,28-Jun-2017,436.65,437.96,429.34,430.76,357600
EQIX,29-Jun-2017,428.12,431,416.72,421.28,588100
EQIX,30-Jun-2017,424.08,431.23,423.56,429.16,527900
EQIX,03-Jul-2017,431.54,435.11,421.315,422.76,253300
EQIX,04-Jul-2017,422.76,422.76,422.76,422.76,0
EQIX,05-Jul-2017,424.03,425.55,420.59,424.08,368200
EQIX,06-Jul-2017,421.5,423.69,416.64,418.43,437000
EQIX,07-Jul-2017,418.98,425.35,418.78,423.3,365300
EQIX,10-Jul-2017,423.77,427.99,423.15,427.08,427400
EQIX,11-Jul-2017,427.98,431.815,426.3,431.04,547100
EQIX,12-Jul-2017,433.25,439.94,430.97,437.11,437900
EQIX,13-Jul-2017,436.43,438.53,434.23,436.24,301500
EQIX,14-Jul-2017,437.92,443.45,436.68,437.7,311100
EQIX,17-Jul-2017,437.7,438.87,433.64,435.48,458100
EQIX,18-Jul-2017,435,438.57,431.86,438.28,384500
EQIX,19-Jul-2017,438.62,444.55,434.09,440.5,383500
EQIX,20-Jul-2017,440.2,443.6,438.06,441.21,470500
EQIX,21-Jul-2017,439.53,445.2,439.53,441.44,514700
EQIX,24-Jul-2017,441.04,442.715,438.26,441.6,280700
EQIX,25-Jul-2017,442.53,445.345,434.56,436.96,262300
EQIX,26-Jul-2017,438.32,442.48,436.96,440.04,327300
EQIX,27-Jul-2017,441.97,443.96,436.19,442.87,374000
EQIX,28-Jul-2017,441.79,448.33,441.79,447.9,393800
EQIX,31-Jul-2017,449.14,451.29,446.44,450.73,373800
EQIX,01-Aug-2017,452.25,455.37,450.86,453.08,459000
EQIX,02-Aug-2017,454.08,457.46,445.73,455.47,633400
EQIX,03-Aug-2017,459,459,442.615,449.36,816300
EQIX,04-Aug-2017,449.45,453.54,441.82,445.58,441300
EQIX,07-Aug-2017,445.96,450.535,443.95,444.23,478700
EQIX,08-Aug-2017,442.81,444.89,439.1,441.53,296600
EQIX,09-Aug-2017,441.61,448.46,440.17,447.81,359900
EQIX,10-Aug-2017,446.66,446.92,438.54,439.48,279600
EQIX,11-Aug-2017,440.71,441.9,437.32,438.39,327500
EQIX,14-Aug-2017,441.39,450.3,441.39,449.49,442300
EQIX,15-Aug-2017,445.72,449.48,445.72,448.33,280500
EQIX,16-Aug-2017,449.66,455.74,447.66,454.79,307900
EQIX,17-Aug-2017,454.78,458.85,451.23,451.55,379100
EQIX,18-Aug-2017,450.96,454.29,448.3,450,520600
EQIX,21-Aug-2017,447.2,451.5,447.19,450.29,302400
EQIX,22-Aug-2017,450.55,457.04,448.93,456.29,340100
EQIX,23-Aug-2017,455.71,462.225,455.61,461.8,561600
EQIX,24-Aug-2017,461.93,465.89,460.64,463.53,478800
EQIX,25-Aug-2017,465.24,468.16,463.71,466.19,438600
EQIX,28-Aug-2017,467.68,468.86,460.96,462.91,304900
EQIX,29-Aug-2017,462.11,467.41,460.45,466.24,329800
EQIX,30-Aug-2017,465.77,466.79,463.43,465.67,325300
EQIX,31-Aug-2017,467.01,470.44,465.58,468.41,466600
EQIX,01-Sep-2017,468.24,469.88,464.19,465.96,348500
EQIX,04-Sep-2017,465.96,465.96,465.96,465.96,0
EQIX,05-Sep-2017,464.83,465.49,456.2,463.49,733300
EQIX,06-Sep-2017,462.85,464.51,460.74,463.52,519600
EQIX,07-Sep-2017,464,468.86,462.26,464.82,378400
EQIX,08-Sep-2017,463.19,464.61,460.33,462,655200
EQIX,11-Sep-2017,464.52,474.71,462.45,474.42,591200
EQIX,12-Sep-2017,474.19,475.28,464.29,468.38,452400
EQIX,13-Sep-2017,468.36,468.42,457.65,458.87,805300
EQIX,14-Sep-2017,457.32,457.655,451.31,454.91,697600
EQIX,15-Sep-2017,456.58,457.73,447.52,455.31,1025500
EQIX,18-Sep-2017,456.22,457.2,449.09,450.15,788600
EQIX,19-Sep-2017,450.45,456.99,448.95,453.04,788000
EQIX,20-Sep-2017,453.74,456.47,447.02,449.24,1021000
EQIX,21-Sep-2017,449.55,450.995,446.5,446.57,421600
EQIX,22-Sep-2017,447.1,449.34,440.84,441.66,407900
EQIX,25-Sep-2017,441.84,441.99,435.9,437.21,462900
EQIX,26-Sep-2017,439,439.065,434.19,434.42,418000
EQIX,27-Sep-2017,434.68,443.45,430.71,441.93,656600
EQIX,28-Sep-2017,441.38,443.82,439.275,441.72,285400
EQIX,29-Sep-2017,441.51,447.1,439.67,446.3,403400
EQIX,02-Oct-2017,447.33,451.555,444.3,444.48,420400
EQIX,03-Oct-2017,443.93,443.93,440.3,442.36,261600
EQIX,04-Oct-2017,442.35,444.08,439.54,442.97,226100
EQIX,05-Oct-2017,445.16,448.145,443.19,445.42,320400
EQIX,06-Oct-2017,443.81,449.95,440.305,448.83,381700
EQIX,09-Oct-2017,448.96,452.46,447.98,451.32,207800
EQIX,10-Oct-2017,453.19,457.29,451.51,451.89,258900
EQIX,11-Oct-2017,453.65,461.28,453.57,458.97,393200
EQIX,12-Oct-2017,458.38,468.22,458.38,464.7,439200
EQIX,13-Oct-2017,467.29,467.29,460.825,462.82,252500
EQIX,16-Oct-2017,463.61,465.92,460.14,461.35,220600
EQIX,17-Oct-2017,460.41,462.8,458.59,461.58,278900
EQIX,18-Oct-2017,464.05,471.62,458,471.23,407500
EQIX,19-Oct-2017,470.7,472.41,469.46,470.55,370600
EQIX,20-Oct-2017,472.71,472.71,466.47,468.76,321900
EQIX,23-Oct-2017,469.43,469.43,458.2,458.81,484800
EQIX,24-Oct-2017,461.37,464.48,460.59,462.97,299100
EQIX,25-Oct-2017,462.75,466.49,457.325,457.93,484800
EQIX,26-Oct-2017,460.32,462.71,453.27,454.2,469000
EQIX,27-Oct-2017,454.2,457.19,453.05,456.51,333400
EQIX,30-Oct-2017,456.32,461.79,455.18,459.73,246300
EQIX,31-Oct-2017,458.36,464.48,457.31,463.5,353200
EQIX,01-Nov-2017,464.97,467.74,463.52,467.06,428100
EQIX,02-Nov-2017,481,491.8,476.4,488.68,867700
EQIX,03-Nov-2017,485.87,489.92,482.66,486.65,464900
EQIX,06-Nov-2017,484.99,493.09,484.99,491.62,398700
EQIX,07-Nov-2017,492.86,493.8,483.02,488.06,489800
EQIX,08-Nov-2017,486.94,495.345,486.94,492.98,435800
EQIX,09-Nov-2017,491.73,493.91,483.69,484.86,244400
EQIX,10-Nov-2017,484.24,485.07,480.92,482.21,279200
EQIX,13-Nov-2017,481.91,485.92,478.54,484.12,428800
EQIX,14-Nov-2017,480.07,484.31,478.32,481.05,278000
EQIX,15-Nov-2017,479.37,483.44,473.52,474.42,313500
EQIX,16-Nov-2017,474.9,477.395,473.34,475.09,528400
EQIX,17-Nov-2017,473.74,475.63,470.01,472.8,297600
EQIX,20-Nov-2017,474.27,474.53,470.49,471.89,174800
EQIX,21-Nov-2017,472.69,475.13,471.28,474.26,374800
EQIX,22-Nov-2017,473.08,475.02,470.795,472.37,173800
EQIX,23-Nov-2017,472.37,472.37,472.37,472.37,0
EQIX,24-Nov-2017,473,476.73,472.265,474.07,99600
EQIX,27-Nov-2017,474.04,481.24,472.11,478.92,316400
EQIX,28-Nov-2017,481.4,481.485,475.86,477.95,391600
EQIX,29-Nov-2017,478,478,464.93,468.32,420100
EQIX,30-Nov-2017,468.19,468.19,461.295,464.49,590700
EQIX,01-Dec-2017,464.75,469.46,461.24,469.16,368400
EQIX,04-Dec-2017,471.03,471.39,441.78,442.28,655000
EQIX,05-Dec-2017,442.29,449.4,441,445.59,427600
EQIX,06-Dec-2017,446.88,452.73,445.53,450.24,325900
EQIX,07-Dec-2017,450.74,458.11,448.02,455.77,551600
EQIX,08-Dec-2017,459.04,459.66,450.19,452.39,384500
EQIX,11-Dec-2017,451.63,455.58,446.42,449.58,496600
EQIX,12-Dec-2017,449.7,453.11,446.41,450.21,327500
EQIX,13-Dec-2017,454.71,457.97,450.25,451.28,638500
EQIX,14-Dec-2017,452.34,461.17,450.205,460.35,391300
EQIX,15-Dec-2017,462.43,462.43,455.31,457.85,846600
EQIX,18-Dec-2017,457.85,461.98,455.46,455.82,551600
EQIX,19-Dec-2017,455.65,456.58,445.31,448.52,376800
EQIX,20-Dec-2017,446.24,448.17,444.96,447.2,486700
EQIX,21-Dec-2017,448.81,451.08,444.66,445.89,327100
EQIX,22-Dec-2017,446.61,448.2,443.75,446.6,444400
EQIX,25-Dec-2017,446.6,446.6,446.6,446.6,0
EQIX,26-Dec-2017,443.01,447.505,442.65,446.7,315500
EQIX,27-Dec-2017,447.7,452.16,445.73,451.69,299100
EQIX,28-Dec-2017,451.12,456.625,449.4,455.11,317100
EQIX,29-Dec-2017,455.55,458.86,452.77,453.22,266200
EQIX,01-Jan-2018,453.22,453.22,453.22,453.22,0
EQIX,02-Jan-2018,453.53,456.56,445.97,446.92,614300
EQIX,03-Jan-2018,449.14,452.56,446.65,448.98,464600
EQIX,04-Jan-2018,449.33,450.46,447.43,447.95,450500
EQIX,05-Jan-2018,450.15,450.94,447.81,449.49,335800
EQIX,08-Jan-2018,450.79,461.36,448,458.2,532400
EQIX,09-Jan-2018,459.89,461.73,454.01,455.98,397700
EQIX,10-Jan-2018,453.02,453.78,442.26,443,636300
EQIX,11-Jan-2018,443,452.28,435.04,435.39,606400
EQIX,12-Jan-2018,436.17,439.535,428.3,435.95,1090700
EQIX,15-Jan-2018,435.95,435.95,435.95,435.95,0
EQIX,16-Jan-2018,436.8,452.61,436.49,448.1,858100
EQIX,17-Jan-2018,448.87,452.49,439.16,441.9,627500
EQIX,18-Jan-2018,440.1,444.93,436.82,437.45,807300
EQIX,19-Jan-2018,438.78,442.07,433.48,437.89,599200
EQIX,22-Jan-2018,438,439.28,433.31,436.05,702300
EQIX,23-Jan-2018,436.19,446.21,434.57,442,797500
EQIX,24-Jan-2018,442.78,445.73,438.85,441.3,612100
EQIX,25-Jan-2018,441.46,444.78,433,439.17,928900
EQIX,26-Jan-2018,435,442.68,432.01,441.59,1228600
EQIX,29-Jan-2018,446.98,449.9,434.47,435.16,630700
EQIX,30-Jan-2018,430,441.84,430,439.56,700100
EQIX,31-Jan-2018,442.45,458.64,440.1,455.19,739400
EQIX,01-Feb-2018,452.69,457.86,443.755,444.54,568500
EQIX,02-Feb-2018,442,446.26,435.52,437.35,533000
EQIX,05-Feb-2018,436.98,441.84,427,429.81,581200
EQIX,06-Feb-2018,427.31,434.04,421.205,430.85,726000
EQIX,07-Feb-2018,430,438.05,425.8,426.08,424100
EQIX,08-Feb-2018,427.57,430,409.94,409.98,964900
EQIX,09-Feb-2018,412,430.01,409.48,425.81,1045400
EQIX,12-Feb-2018,428.61,438.17,416.16,431.45,876900
EQIX,13-Feb-2018,431.69,437.83,426.01,436.25,910200
EQIX,14-Feb-2018,434.3,436.88,428.93,435.83,879300
EQIX,15-Feb-2018,418.27,420,401,407.31,2817400
EQIX,16-Feb-2018,405.29,408.68,396.29,403.3,1317000
EQIX,19-Feb-2018,403.3,403.3,403.3,403.3,0
EQIX,20-Feb-2018,400.75,405.96,396.12,396.44,794600
EQIX,21-Feb-2018,395.01,396.04,384.59,384.92,1194200
EQIX,22-Feb-2018,388.85,393.54,384.22,390.45,858600
EQIX,23-Feb-2018,390.14,402.5,390.14,394.84,1033800
EQIX,26-Feb-2018,396.68,397.42,391.04,394.18,453300
EQIX,27-Feb-2018,394.87,396.65,389.46,391.21,513700
EQIX,28-Feb-2018,396.58,398.45,391.28,392.1,603800
EQIX,01-Mar-2018,393.01,394.68,385.48,386.29,549000
EQIX,02-Mar-2018,385.66,387.02,374.91,381.82,808000
EQIX,05-Mar-2018,370.79,391,370.79,388.51,426600
EQIX,06-Mar-2018,387.9,395.02,386.955,391.62,432500
EQIX,07-Mar-2018,390.15,394.16,389.78,391.38,649300
EQIX,08-Mar-2018,393.06,393.06,387.37,389.42,549100
EQIX,09-Mar-2018,391.3,395.38,388.855,395.16,456700
EQIX,12-Mar-2018,397.49,399.89,394.88,395.35,1087100
EQIX,13-Mar-2018,397.39,405.96,397.34,405.42,801600
EQIX,14-Mar-2018,404.9,416.435,404.15,413.71,909100
EQIX,15-Mar-2018,412.58,415.68,410.72,415.23,707200
EQIX,16-Mar-2018,417.33,421,413.75,419.89,1072900
EQIX,19-Mar-2018,415.34,418.17,409.12,411.71,945300
EQIX,20-Mar-2018,411.32,415.96,411.32,415.26,424100
EQIX,21-Mar-2018,415.74,415.98,407.69,411.84,618700
EQIX,22-Mar-2018,410.86,420.85,407.82,417.58,1023800
EQIX,23-Mar-2018,417.74,419.11,401,401.68,852200
EQIX,26-Mar-2018,405.84,410.27,404.37,409.61,450400
EQIX,27-Mar-2018,410.76,417.25,404,409.88,517100
EQIX,28-Mar-2018,411.4,418.44,410.95,417.02,590400
EQIX,29-Mar-2018,420.09,421.59,414.8,418.14,628800
EQIX,30-Mar-2018,418.14,418.14,418.14,418.14,0
EQIX,02-Apr-2018,419.12,419.81,403.7,408.55,627300
EQIX,03-Apr-2018,409.11,412.43,404.98,408.6,467400
EQIX,04-Apr-2018,406.19,413.18,404.18,411.99,497900
EQIX,05-Apr-2018,412.61,414.61,409.01,413.59,386000
EQIX,06-Apr-2018,411.85,416.23,404.44,407.04,518800
EQIX,09-Apr-2018,410.09,417.875,408.05,409.57,535600
EQIX,10-Apr-2018,412.34,415.18,402.67,405.59,607400
EQIX,11-Apr-2018,403.24,411.87,401.66,408.98,465600
EQIX,12-Apr-2018,410.26,410.6,400.735,401.2,358700
EQIX,13-Apr-2018,402.04,404.9,399.92,401.45,345800
EQIX,16-Apr-2018,404.96,406.63,401.01,405.52,396600
EQIX,17-Apr-2018,406.05,413.32,403.08,409.76,579200
EQIX,18-Apr-2018,411.53,415,409.17,414.18,483300
EQIX,19-Apr-2018,412.52,412.52,406,409.37,382300
EQIX,20-Apr-2018,411.2,414.28,405.11,406.06,411100
EQIX,23-Apr-2018,406.61,408.84,405.13,407.58,568400
EQIX,24-Apr-2018,409,410.72,407.33,409.53,615900
EQIX,25-Apr-2018,408.59,411.38,406.17,410.21,460300
EQIX,26-Apr-2018,412.97,418.53,409.945,416.08,364700
EQIX,27-Apr-2018,416.26,422.19,415,421.15,485800
EQIX,30-Apr-2018,422.47,423.4,419.05,420.79,538400
EQIX,01-May-2018,420.79,424.87,417.89,423.03,450100
EQIX,02-May-2018,422.16,433.26,420.255,424.09,1047300
EQIX,03-May-2018,417,423,393.12,398.13,1441000
EQIX,04-May-2018,396.2,405.77,396.2,403.88,548600
EQIX,07-May-2018,404.09,405.45,392.21,394.16,705400
EQIX,08-May-2018,392.48,393.92,384.45,388.34,978500
EQIX,09-May-2018,389.26,390.29,386.14,388.17,483900
EQIX,10-May-2018,390.22,398.945,389.52,398.66,390200
EQIX,11-May-2018,400,406.02,398.18,401.89,431800
EQIX,14-May-2018,400.45,402.61,396.84,397.95,274600
EQIX,15-May-2018,394.47,395.8,386.61,388.32,553400
EQIX,16-May-2018,388.96,394.005,384.56,385.76,425300
EQIX,17-May-2018,386.02,387.68,380.16,381.93,426600
EQIX,18-May-2018,382,389.67,381.95,385.86,634200
EQIX,21-May-2018,387.24,388.93,384.91,388.75,482700
EQIX,22-May-2018,387.85,388.29,382.26,383.19,413600
EQIX,23-May-2018,381.96,384.995,379.66,384.42,552900
EQIX,24-May-2018,391.57,392,385.18,387,610300
EQIX,25-May-2018,386.45,391.37,384.73,388.05,365300
EQIX,28-May-2018,388.05,388.05,388.05,388.05,0
EQIX,29-May-2018,388.65,396.64,385.57,396.1,589400
EQIX,30-May-2018,393.85,403.32,393.85,401.29,603600
EQIX,31-May-2018,396.25,403.15,394.01,396.85,901400
EQIX,01-Jun-2018,397.19,400.47,395.24,399.21,670300
EQIX,04-Jun-2018,398.53,401.675,395.9,400.94,403700
EQIX,05-Jun-2018,401.41,403,394.91,395.57,518100
EQIX,06-Jun-2018,395.64,397.77,390.74,395.51,418400
EQIX,07-Jun-2018,395.43,398.66,393.4,397.42,390200
EQIX,08-Jun-2018,396,403.8,395.17,403.35,439400
EQIX,11-Jun-2018,403.09,407.725,402.54,404.23,521800
EQIX,12-Jun-2018,404.26,407.66,401.79,405.33,504200
EQIX,13-Jun-2018,405.9,406.99,391.22,392.69,559900
EQIX,14-Jun-2018,395.18,397.46,393.005,396.74,588500
EQIX,15-Jun-2018,397.49,401.98,395.76,398.76,831400
EQIX,18-Jun-2018,397.36,402.01,395.06,401.69,451100
EQIX,19-Jun-2018,396.98,404.5,396.98,401.76,628900
EQIX,20-Jun-2018,401.76,417.87,401.61,410.72,1151100
EQIX,21-Jun-2018,411.5,421.24,410.14,419,999700
EQIX,22-Jun-2018,421,421,410.58,418.86,1106200
EQIX,25-Jun-2018,415.92,420.93,413.69,418.57,1060300
EQIX,26-Jun-2018,420,431.98,417.71,429,1497000
EQIX,27-Jun-2018,431.11,431.63,425.34,425.57,730700
EQIX,28-Jun-2018,427.36,429.695,420.55,427.05,445200
EQIX,29-Jun-2018,428.52,432.42,421.89,429.89,547700
EQIX,02-Jul-2018,429.34,431.18,423.17,428.21,562200
EQIX,03-Jul-2018,428.64,429.59,425.085,426.24,333700
EQIX,04-Jul-2018,426.24,426.24,426.24,426.24,0
EQIX,05-Jul-2018,427.46,440.27,427.46,440.15,796100
EQIX,06-Jul-2018,442.67,446.91,442.67,445.7,524600
EQIX,09-Jul-2018,446.92,446.92,439.35,442.51,422600
EQIX,10-Jul-2018,442,449.39,440,445.88,470700
EQIX,11-Jul-2018,445.37,447.89,441.14,443.47,381200
EQIX,12-Jul-2018,444.61,446.66,441.96,445.67,339300
EQIX,13-Jul-2018,445.12,447.45,442.86,443.43,281700
EQIX,16-Jul-2018,443.14,444.7,437.26,439.78,371300
EQIX,17-Jul-2018,441.11,442.435,437.61,438.45,405900
EQIX,18-Jul-2018,436.33,438.91,423.59,434.55,350600
EQIX,19-Jul-2018,434.94,439.785,433.74,437.19,376800
EQIX,20-Jul-2018,437.72,437.72,432.26,434.22,362800
EQIX,23-Jul-2018,432.84,435.77,426.74,428.8,505600
EQIX,24-Jul-2018,428.96,429.99,424.44,428.73,746900
EQIX,25-Jul-2018,430.16,433.91,428.27,432.64,399600
EQIX,26-Jul-2018,434,438.1,430.4,435.2,487200
EQIX,27-Jul-2018,434.7,448.75,434.7,443.2,594700
EQIX,30-Jul-2018,442.91,445.9,432.16,432.66,639700
EQIX,31-Jul-2018,434.79,442.4,433.19,439.28,684700
EQIX,01-Aug-2018,437,446.36,426,445.13,527700
EQIX,02-Aug-2018,444.26,450.32,439.66,447.89,476400
EQIX,03-Aug-2018,447.6,456.8,443.4,455.43,642900
EQIX,06-Aug-2018,454.45,457.99,447.86,452.87,539700
EQIX,07-Aug-2018,453.15,453.15,445.98,447.9,492300
EQIX,08-Aug-2018,448.74,449.82,446.48,447.5,633600
EQIX,09-Aug-2018,435.51,455.195,435.43,444.99,963700
EQIX,10-Aug-2018,442.7,443.825,437.01,437.24,679500
EQIX,13-Aug-2018,438.02,442.05,437.065,440.81,426700
EQIX,14-Aug-2018,438.92,441.29,433.49,434.02,638600
EQIX,15-Aug-2018,433.24,438.19,432.58,436.41,524000
EQIX,16-Aug-2018,437.8,444.72,436.32,443.6,820600
EQIX,17-Aug-2018,441.51,444.41,437.64,438.77,486500
EQIX,20-Aug-2018,440.7,440.7,435.3,438.33,509300
EQIX,21-Aug-2018,435.68,436,432.37,432.61,467500
EQIX,22-Aug-2018,432.65,434.9,428.23,429.94,339600
EQIX,23-Aug-2018,431.41,432.61,428.46,429.17,325800
EQIX,24-Aug-2018,428.61,432.47,426.4,430.02,501700
EQIX,27-Aug-2018,430.88,433.38,429.7,432.55,391600
EQIX,28-Aug-2018,432.34,435.9,430.15,435.68,324400
EQIX,29-Aug-2018,435.55,439.89,434.38,436.11,324000
EQIX,30-Aug-2018,436.41,437.81,428.03,430.69,339500
EQIX,31-Aug-2018,430.94,436.655,430.94,436.13,442700
EQIX,03-Sep-2018,436.13,436.13,436.13,436.13,0
EQIX,04-Sep-2018,434.33,435.92,425.89,428.39,486000
EQIX,05-Sep-2018,427.5,431.12,421.5,430.21,663900
EQIX,06-Sep-2018,429.95,432.605,426.12,431.65,432900
EQIX,07-Sep-2018,430.8,433.75,429.5,431.09,318800
EQIX,10-Sep-2018,431.38,437.49,430,434.02,536000
EQIX,11-Sep-2018,433.51,435.2,430.5,434.66,370400
EQIX,12-Sep-2018,436.6,439.97,432,439.43,412800
EQIX,13-Sep-2018,442.04,446,439.4,443.84,527100
EQIX,14-Sep-2018,443.34,448.33,440.45,448.14,473100
EQIX,17-Sep-2018,448.21,449.76,444.41,447.3,509700
EQIX,18-Sep-2018,447.7,449.91,444.64,445.21,349300
EQIX,19-Sep-2018,444.43,447.25,441.35,442.27,283300
EQIX,20-Sep-2018,442.7,446.9,441.46,445.01,388100
EQIX,21-Sep-2018,446.47,447.795,441.57,441.68,658200
EQIX,24-Sep-2018,438.44,438.44,429.215,431.97,453100
EQIX,25-Sep-2018,440.935,440.935,425.805,428.76,428600
EQIX,26-Sep-2018,428.82,428.82,421.915,423.13,579200
EQIX,27-Sep-2018,423.98,432.14,422.93,430.15,518400
EQIX,28-Sep-2018,430.15,437.23,429.11,432.89,651400
EQIX,01-Oct-2018,433.26,435.835,431.23,431.35,417900
EQIX,02-Oct-2018,432.28,432.85,428.11,431.81,350100
EQIX,03-Oct-2018,431.78,436.15,423.77,425.3,459500
EQIX,04-Oct-2018,423.5,424.76,418.495,422.46,267700
EQIX,05-Oct-2018,421.96,422.97,416.59,417.32,670100
EQIX,08-Oct-2018,415.91,422.84,415.26,418.94,514300
EQIX,09-Oct-2018,417.54,421.82,414.91,416.59,519600
EQIX,10-Oct-2018,416,419.75,410,410.08,579200
EQIX,11-Oct-2018,410.37,410.63,394.77,397.08,640200
EQIX,12-Oct-2018,399.52,402.26,392.93,395.94,691200
EQIX,15-Oct-2018,396.62,400.1,394.375,396.59,305900
EQIX,16-Oct-2018,399.31,409.36,397.53,408.29,374300
EQIX,17-Oct-2018,408.18,411.38,406.255,410.44,346200
EQIX,18-Oct-2018,409.84,413.52,407.16,411.65,356800
EQIX,19-Oct-2018,411.78,419.4,411.78,414.31,435900
EQIX,22-Oct-2018,414.6,417.82,410.97,411.73,262900
EQIX,23-Oct-2018,409.21,413.16,404.94,411.41,401400
EQIX,24-Oct-2018,411.29,420.59,411.29,416.75,359100
EQIX,25-Oct-2018,418.64,421.03,410.06,411.97,458700
EQIX,26-Oct-2018,409.58,410,383.84,385.22,1075900
EQIX,29-Oct-2018,388.2,391.745,377.25,379.91,701200
EQIX,30-Oct-2018,380.53,383.6,374.39,376.79,851200
EQIX,31-Oct-2018,384.18,384.18,376.54,378.74,804000
EQIX,01-Nov-2018,379.82,390.81,379.01,386.69,577300
EQIX,02-Nov-2018,392.23,397.27,382.48,392.43,1086200
EQIX,05-Nov-2018,397.5,401.385,393.57,396.46,714700
EQIX,06-Nov-2018,396.67,399.835,393.16,396.04,548300
EQIX,07-Nov-2018,400,401.68,396.86,400,533200
EQIX,08-Nov-2018,400.59,401.135,389.14,389.48,755700
EQIX,09-Nov-2018,389.46,390.25,380.82,384.94,741200
EQIX,12-Nov-2018,384.86,391.24,384.86,389.42,487700
EQIX,13-Nov-2018,388.43,388.84,382.9,383.53,490600
EQIX,14-Nov-2018,385.27,388.3,380.06,385.32,438600
EQIX,15-Nov-2018,384.74,387.13,377.48,385.28,496900
EQIX,16-Nov-2018,383.18,389.43,383,388.63,650000
EQIX,19-Nov-2018,389.72,394.83,381.59,383.47,438100
EQIX,20-Nov-2018,383.85,386,374.24,376.5,813300
EQIX,21-Nov-2018,377.64,386.12,374.735,382.89,440100
EQIX,22-Nov-2018,382.89,382.89,382.89,382.89,0
EQIX,23-Nov-2018,380.95,382.465,378.57,380.4,193600
EQIX,26-Nov-2018,382.45,383.99,380.28,382.17,572100
EQIX,27-Nov-2018,382.18,385.44,378.37,382.11,334200
EQIX,28-Nov-2018,382.23,385.465,379.785,384.06,618400
EQIX,29-Nov-2018,385.54,386.17,381.41,384.11,486500
EQIX,30-Nov-2018,383.75,388.32,381.67,385.28,786500
EQIX,03-Dec-2018,387.45,391.69,385.28,391.11,487500
EQIX,04-Dec-2018,392.74,396.59,383.91,385.09,754000
EQIX,05-Dec-2018,385.09,385.09,385.09,385.09,0
EQIX,06-Dec-2018,381.92,392.9,377.95,392.72,663400
EQIX,07-Dec-2018,390.79,393.33,383.95,386.47,450300
EQIX,10-Dec-2018,388.15,389.76,381.62,387.08,403100
EQIX,11-Dec-2018,388.69,391.67,387.06,389.8,449300
EQIX,12-Dec-2018,390.31,396.5,386.69,387.12,525900
EQIX,13-Dec-2018,388.31,395.25,388.23,389.32,429000
EQIX,14-Dec-2018,387.74,389.24,383.77,386.9,505200
EQIX,17-Dec-2018,386.89,387.54,368.56,369.06,832600
EQIX,18-Dec-2018,371.87,377.06,369.48,370.97,527300
EQIX,19-Dec-2018,370.5,374.09,367.08,368.44,795600
EQIX,20-Dec-2018,367.42,367.8,355.325,358.21,762800
EQIX,21-Dec-2018,358.62,363.68,348.62,350.31,1277500
EQIX,24-Dec-2018,348.75,349.9,338.97,339.02,339700
EQIX,25-Dec-2018,339.02,339.02,339.02,339.02,0
EQIX,26-Dec-2018,340.4,349.27,335.29,349.27,594800
EQIX,27-Dec-2018,345.65,348.99,337.665,346.39,569700
EQIX,28-Dec-2018,348.75,356.14,347.1,352.85,569900
EQIX,31-Dec-2018,352.35,353.3,347.61,352.56,384300
EQIX,01-Jan-2019,352.56,352.56,352.56,352.56,0
EQIX,02-Jan-2019,349.28,352.69,343.58,350,664500
EQIX,03-Jan-2019,348.66,355.47,345.17,345.94,779600
EQIX,04-Jan-2019,347.8,356.635,346.36,353.79,543700
EQIX,07-Jan-2019,353,357.02,351.41,354.5,730200
EQIX,08-Jan-2019,357.42,363.18,357.42,361.86,680800
EQIX,09-Jan-2019,363.69,365.09,348.24,357.32,1024800
EQIX,10-Jan-2019,356.31,371.22,355.04,370.68,1033600
EQIX,11-Jan-2019,369.96,372.3,366.55,371.43,433600
EQIX,14-Jan-2019,370.3,377.15,369.99,376.58,638200
EQIX,15-Jan-2019,379.46,383.59,378.145,382.98,721200
EQIX,16-Jan-2019,381.21,384.18,379.53,381.11,620800
EQIX,17-Jan-2019,380.97,383.59,379.21,381.83,490200
EQIX,18-Jan-2019,383.48,383.48,373.75,374.67,638100
EQIX,21-Jan-2019,374.67,374.67,374.67,374.67,0
EQIX,22-Jan-2019,374.67,375.79,368.26,371.01,858500
EQIX,23-Jan-2019,370.86,371.69,363.15,365.26,667100
EQIX,24-Jan-2019,357.35,371.56,357.35,371.28,492600
EQIX,25-Jan-2019,371.78,373.14,364.91,369.44,760600
EQIX,28-Jan-2019,367.95,377.97,363.9,377.11,466500
EQIX,29-Jan-2019,378.1,379.88,373.89,379.29,352100
EQIX,30-Jan-2019,379.29,384.8,379.15,383.01,400200
EQIX,31-Jan-2019,382.83,394.83,379.905,394,591300
EQIX,01-Feb-2019,393.45,396.66,390.87,396.38,646000
EQIX,04-Feb-2019,397,397,392.37,395.29,487500
EQIX,05-Feb-2019,397.04,398.995,372.747,395.79,527600
EQIX,06-Feb-2019,395,396.97,388.39,390.1,732600
EQIX,07-Feb-2019,389,392.12,385.98,389.79,402400
EQIX,08-Feb-2019,388.52,395.99,387.89,395.82,354500
EQIX,11-Feb-2019,396.95,400.85,395.63,400.07,408200
EQIX,12-Feb-2019,400.64,400.64,393.58,397.48,346100
EQIX,13-Feb-2019,386.95,398.78,385.91,391.91,575400
EQIX,14-Feb-2019,412,422.44,399.57,420.59,1551900
EQIX,15-Feb-2019,421.47,422.055,417.405,421.39,689200
EQIX,18-Feb-2019,421.39,421.39,421.39,421.39,0
EQIX,19-Feb-2019,422,433.02,418.4,430.59,660500
EQIX,20-Feb-2019,428.43,433.635,427.5,431.53,598300
EQIX,21-Feb-2019,429.07,430,424.3,425.86,397000
EQIX,22-Feb-2019,427.98,430.245,423.75,428.54,341700
EQIX,25-Feb-2019,429,430,425.52,428.98,580100
EQIX,26-Feb-2019,428.08,428.75,425,425.84,422300
EQIX,27-Feb-2019,421.47,426.495,417.25,418.15,525800
EQIX,28-Feb-2019,422.19,426.08,417.59,423.5,1549700
EQIX,01-Mar-2019,424.46,433.54,420,432.79,786400
EQIX,04-Mar-2019,433.45,434.15,423.23,426.98,704300
EQIX,05-Mar-2019,426.95,430.26,424.6,426.92,420300
EQIX,06-Mar-2019,426.17,428,422.87,424.66,376400
EQIX,07-Mar-2019,422.74,431.38,421.19,426.75,510100
EQIX,08-Mar-2019,426.85,431,424.5,430.38,581500
EQIX,11-Mar-2019,430.88,438.49,430.88,438.33,560300
EQIX,12-Mar-2019,439.75,442.55,438.12,438.5,613900
EQIX,13-Mar-2019,438.02,441.87,437.84,438.87,588500
EQIX,14-Mar-2019,439.5,442.92,436.3,440.48,398300
EQIX,15-Mar-2019,439.91,442.75,438.33,441.61,1206900
EQIX,18-Mar-2019,442.5,444.8,440.85,444.1,370000
EQIX,19-Mar-2019,445.02,446.15,441.91,443.55,383200
EQIX,20-Mar-2019,442.15,449,441.49,448.08,590100
EQIX,21-Mar-2019,447.93,458.41,444.5,458.29,569400
EQIX,22-Mar-2019,458.83,460.88,451.11,451.5,644300
EQIX,25-Mar-2019,452.25,453.49,445.28,446.18,449400
EQIX,26-Mar-2019,445.88,448.72,442.75,447.67,379200
EQIX,27-Mar-2019,449.48,451.54,445.03,448.08,390800
EQIX,28-Mar-2019,449.74,452.22,446.85,449.96,415100
EQIX,29-Mar-2019,451.47,453.85,444.96,453.16,524400
EQIX,01-Apr-2019,443.55,456.77,443.55,456.3,376100
EQIX,02-Apr-2019,457.46,461.75,455.02,460.44,483900
EQIX,03-Apr-2019,461.71,466.11,455.685,462.01,531600
EQIX,04-Apr-2019,462.55,464.73,459.9,461.44,448800
EQIX,05-Apr-2019,461.97,467.29,460.45,466.62,284700
EQIX,08-Apr-2019,466.74,467.99,460.32,463.41,251000
EQIX,09-Apr-2019,463.19,464.23,459.16,460.11,284500
EQIX,10-Apr-2019,461.56,462.99,459.52,461.21,304200
EQIX,11-Apr-2019,456.985,462.92,456.985,460.67,256200
EQIX,12-Apr-2019,457.82,464,453.72,463.38,369900
EQIX,15-Apr-2019,462.31,463.0709,457.345,460,286000
EQIX,16-Apr-2019,461.92,461.92,451.33,452.66,346900
EQIX,17-Apr-2019,454.41,454.51,445.025,447.52,342200
EQIX,18-Apr-2019,450.17,450.17,444.94,446.44,452500
EQIX,19-Apr-2019,446.44,446.44,446.44,446.44,0
EQIX,22-Apr-2019,445.74,448.97,442.82,447.23,445200
EQIX,23-Apr-2019,449.45,452.82,444.51,450.21,369800
EQIX,24-Apr-2019,450.78,454.18,445.93,453.46,268300
EQIX,25-Apr-2019,450.91,455.78,447.26,453.89,223800
EQIX,26-Apr-2019,453.82,453.82,440.72,453.05,361000
EQIX,29-Apr-2019,451.56,453.98,446.26,448.81,296200
EQIX,30-Apr-2019,449.62,456.15,446.04,454.7,408100
EQIX,01-May-2019,453.6,459.51,449.53,450.01,498900
EQIX,02-May-2019,470,479.94,461.94,465.01,726200
EQIX,03-May-2019,466.32,476.99,464.4,476.99,420200
EQIX,06-May-2019,472.46,480.8,472.2592,478.53,496400
EQIX,07-May-2019,477.9,478.5,471.93,474.93,524000
EQIX,08-May-2019,473.57,483.64,471.6535,478.98,590600
EQIX,09-May-2019,477.78,479.3275,473.01,476.59,335800
EQIX,10-May-2019,476.26,481.73,474.635,479.82,438200
EQIX,13-May-2019,473.56,477.19,472.47,476.24,499100
EQIX,14-May-2019,477.54,484.5,477.005,484,419700
EQIX,15-May-2019,484.25,488.38,483.13,486.62,279000
EQIX,16-May-2019,487.52,494,487.02,491.76,326900
EQIX,17-May-2019,487.62,490.84,485.16,490.28,289400
EQIX,20-May-2019,487.88,488.43,480.11,480.12,379400
EQIX,21-May-2019,477.93,486.08,477.93,484.45,403100
EQIX,22-May-2019,483.84,494.62,480.5133,493.99,332500
EQIX,23-May-2019,492.86,496.57,492,496.26,467800
EQIX,24-May-2019,498.76,500,495.955,496.52,251600
EQIX,27-May-2019,496.52,496.52,496.52,496.52,0
EQIX,28-May-2019,496.8,500.2,491.23,491.23,285100
EQIX,29-May-2019,490.99,491.6,481.3,482.55,277900
EQIX,30-May-2019,483.1,487.83,483.1,487.31,332500
EQIX,31-May-2019,485.15,489.19,483.66,485.79,337700
EQIX,03-Jun-2019,487.61,489.615,482.16,485.58,461900
EQIX,04-Jun-2019,485.52,485.59,471.8,481.05,494200
EQIX,05-Jun-2019,484.37,495.3999,482.46,495.29,306800
EQIX,06-Jun-2019,496.82,497.92,491.29,494.66,333900
EQIX,07-Jun-2019,496.54,499.96,495.1,499.6,262100
EQIX,10-Jun-2019,499.14,507.31,497.6,506.02,329400
EQIX,11-Jun-2019,507.29,508.76,499.26,504.24,303200
EQIX,12-Jun-2019,505.76,508.99,502.975,503.67,221400
EQIX,13-Jun-2019,505.44,508.03,503.2375,507.3,399800
EQIX,14-Jun-2019,507.3,512.935,505.51,509.92,318500
EQIX,17-Jun-2019,511.26,515.08,509.29,511.48,354100
EQIX,18-Jun-2019,514.45,516.95,502.445,503.23,461300
EQIX,19-Jun-2019,502.69,513.8,501.89,511.17,351800
EQIX,20-Jun-2019,515.04,515.88,506.71,508.37,433000
EQIX,21-Jun-2019,509.04,509.37,499.51,508.09,761600
EQIX,24-Jun-2019,510,512.9,506.07,510.04,285500
EQIX,25-Jun-2019,508.83,512.99,499.43,500.05,246000
EQIX,26-Jun-2019,500.03,501.09,485.58,490.28,489800
EQIX,27-Jun-2019,491.33,498.93,491.33,498.19,262500
EQIX,28-Jun-2019,498.75,504.685,496.355,504.29,550900
EQIX,01-Jul-2019,509.04,510,498.025,504.94,367800
EQIX,02-Jul-2019,506.37,515.27,505.07,514.94,348900
EQIX,03-Jul-2019,515.37,520.235,515.37,518.95,180200
EQIX,04-Jul-2019,518.95,518.95,518.95,518.95,0
EQIX,05-Jul-2019,517.03,520.35,510.53,518.18,167900
EQIX,08-Jul-2019,518.4,520,515.84,519.16,196400
EQIX,09-Jul-2019,517.32,521.695,516.83,521.5,235200
EQIX,10-Jul-2019,522.14,527.41,518.1,527.16,315600
EQIX,11-Jul-2019,528.97,528.98,520.56,523.88,292300
EQIX,12-Jul-2019,525,526.935,516.51,518.01,301700
EQIX,15-Jul-2019,521.31,523.6,515.59,516.99,181400
EQIX,16-Jul-2019,515.32,516.64,511.97,514.22,319300
EQIX,17-Jul-2019,518.79,519.04,509.01,512.18,211900
EQIX,18-Jul-2019,509.53,513.46,508.19,512.17,293900
EQIX,19-Jul-2019,514.47,515.8,506.5615,506.61,305000
EQIX,22-Jul-2019,505.41,508.77,504.08,506.4,243800
EQIX,23-Jul-2019,508.43,509.9,501.88,507.33,335400
EQIX,24-Jul-2019,507.38,510.98,504.71,508.32,279500
EQIX,25-Jul-2019,507,507.505,490.05,490.48,533200
EQIX,26-Jul-2019,492.17,495,484.46,488.81,523600
EQIX,29-Jul-2019,494.98,496.96,484.235,486.58,394000
EQIX,30-Jul-2019,485.2,499.5,484.5736,498.82,465100
EQIX,31-Jul-2019,497.66,511.29,493.92,502.1,741400
EQIX,01-Aug-2019,529.48,530.72,504.91,522.75,720000
EQIX,02-Aug-2019,526.11,533.08,520.7602,524.0901,580300
EQIX,05-Aug-2019,518.57,523.67,506.05,512.68,430000
EQIX,06-Aug-2019,513.48,523.52,513,519.86,366800
EQIX,07-Aug-2019,518.05,534.83,511.99,533.09,436600
EQIX,08-Aug-2019,531.3,550,527.525,549.24,550800
EQIX,09-Aug-2019,550,553.52,546.83,552.42,499100
EQIX,12-Aug-2019,550.54,557.545,549.61,553.3,403800
EQIX,13-Aug-2019,553.75,554.35,545,548.38,453600
EQIX,14-Aug-2019,544.45,548.675,537.2,539.88,472800
EQIX,15-Aug-2019,541.3,550.16,539.5,546.34,359900
EQIX,16-Aug-2019,547.25,553.85,545.01,551.81,575000
EQIX,19-Aug-2019,556.22,557.96,550.38,555.73,282300
EQIX,20-Aug-2019,551.24,554.48,546.73,547,257600
EQIX,21-Aug-2019,548.82,552.1,545.36,552.1,198800
EQIX,22-Aug-2019,551.64,558.43,547.6248,554.42,270500
EQIX,23-Aug-2019,557.41,559.32,547.135,549.42,319200
EQIX,26-Aug-2019,550.03,558.79,550,558.68,203000
EQIX,27-Aug-2019,560.49,562.4699,555.45,557.52,590000
EQIX,28-Aug-2019,558.36,559.64,551.38,553.53,303900
EQIX,29-Aug-2019,556.71,558.8,554.96,557.72,339600
EQIX,30-Aug-2019,558,559.55,553.22,556.28,299400
EQIX,02-Sep-2019,556.28,556.28,556.28,556.28,0
EQIX,03-Sep-2019,555.38,566.39,554.21,565.91,296800
EQIX,04-Sep-2019,564.9,567.885,555.0301,558.49,445900
EQIX,05-Sep-2019,558.76,560,547.69,551,486500
EQIX,06-Sep-2019,552.44,560.67,551.705,554.0901,366800
EQIX,09-Sep-2019,554.1,554.31,536.76,538.21,397000
EQIX,10-Sep-2019,535.51,535.51,525.375,531.44,496300
EQIX,11-Sep-2019,530.19,533.36,526,528.44,530100
EQIX,12-Sep-2019,529.99,539.68,528.495,538.88,435400
EQIX,13-Sep-2019,537,539.08,531.79,536.8,329600
EQIX,16-Sep-2019,537.74,551.2,536.19,549.93,297600
EQIX,17-Sep-2019,551.47,559.99,545.2,558.91,380600
EQIX,18-Sep-2019,559.5,561.19,545.67,561,362100
EQIX,19-Sep-2019,560.51,570.83,559.33,569.03,472000
EQIX,20-Sep-2019,568.57,571.7,564.69,566.45,1100200
EQIX,23-Sep-2019,575.03,609.97,569.83,581.71,715800
EQIX,24-Sep-2019,582.21,582.95,567.11,572.04,519700
EQIX,25-Sep-2019,574.56,580.33,562,579.25,389000
EQIX,26-Sep-2019,577.34,584.5,577.1302,583.02,273600
EQIX,27-Sep-2019,581.01,583.49,573.33,576.62,293000
EQIX,30-Sep-2019,576.8,582.23,574.29,576.8,302700
EQIX,01-Oct-2019,574.84,578.2151,567.95,569.5901,313200
EQIX,02-Oct-2019,568.12,571.505,555.185,561.52,563800
EQIX,03-Oct-2019,563.16,575.76,562.771,575.75,419600
EQIX,04-Oct-2019,577.63,582.43,575.93,581.65,307200
EQIX,07-Oct-2019,577.87,580.95,575.555,577.31,224700
EQIX,08-Oct-2019,576.17,577.77,569.34,569.5,281700
EQIX,09-Oct-2019,570.91,579.29,570.07,575,274000
EQIX,10-Oct-2019,573.53,574.92,568.14,572.2,230900
EQIX,11-Oct-2019,576.19,576.19,565.87,566.61,280900
EQIX,14-Oct-2019,566.98,571.22,565.05,567.5,194900
EQIX,15-Oct-2019,570.6,574.17,566,571.65,207300
EQIX,16-Oct-2019,568.16,568.9,560.89,567.89,313200
EQIX,17-Oct-2019,570.93,576.48,569.45,571.84,198900
EQIX,18-Oct-2019,574.82,577.175,571.32,576.41,250900
EQIX,21-Oct-2019,576.41,578.32,572.03,577.35,271400
EQIX,22-Oct-2019,582.68,582.68,569.83,569.93,271500
EQIX,23-Oct-2019,569.69,572.606,558.935,566.62,370500
EQIX,24-Oct-2019,569.5,569.5,561.28,563.34,330800
EQIX,25-Oct-2019,562.34,566.54,553.665,565.74,381800
EQIX,28-Oct-2019,564.23,568.56,563.18,567.13,288100
EQIX,29-Oct-2019,565.89,576.25,565.76,567.52,307000
EQIX,30-Oct-2019,570.72,577.7052,566.45,571.16,562700
EQIX,31-Oct-2019,572.7,574.9,553.81,566.78,697800
EQIX,01-Nov-2019,565.33,567.455,557.14,562.24,431900
EQIX,04-Nov-2019,560.67,560.8,542.38,543.2,662300
EQIX,05-Nov-2019,542.14,542.14,523.79,527.19,939800
EQIX,06-Nov-2019,530.07,534.99,527.85,531.88,377400
EQIX,07-Nov-2019,530.96,530.96,519.37,522.5,387000
EQIX,08-Nov-2019,523.46,535.96,521.92,530.31,506700
EQIX,11-Nov-2019,530.26,539.36,530.26,535,312500
EQIX,12-Nov-2019,535.63,539.01,526.85,531.24,359800
EQIX,13-Nov-2019,533.72,541.96,532.53,540.73,434200
EQIX,14-Nov-2019,542.2,549.095,539.32,544.71,524000
EQIX,15-Nov-2019,548.84,552.01,543.72,550.41,452500
EQIX,18-Nov-2019,550,560.96,550,558.21,352300
EQIX,19-Nov-2019,557.29,568.9,555.3724,564.96,404200
EQIX,20-Nov-2019,565,573.18,563.895,568.76,398100
EQIX,21-Nov-2019,565.58,570.6,558.13,560.17,323000
EQIX,22-Nov-2019,562.84,567.35,556.25,557.58,318900
EQIX,25-Nov-2019,559.61,563.47,553.2,553.85,472500
EQIX,26-Nov-2019,553.22,556.71,550.907,554.68,850800
EQIX,27-Nov-2019,555.46,566.97,551.52,565.19,302200
EQIX,28-Nov-2019,565.19,565.19,565.19,565.19,0
EQIX,29-Nov-2019,565.61,569.07,565.17,566.85,187100
EQIX,02-Dec-2019,564.81,564.81,549.69,549.74,395200
EQIX,03-Dec-2019,550.7,555.97,547.06,552.6,447800
EQIX,04-Dec-2019,549.76,564.02,548.76,562.93,413700
EQIX,05-Dec-2019,561.27,563.98,555.93,560.06,337700
EQIX,06-Dec-2019,562.19,566.99,558.88,559.19,307200
EQIX,09-Dec-2019,559.56,562.62,557.29,560.72,216700
EQIX,10-Dec-2019,563.48,564.83,556.18,557.73,340400
EQIX,11-Dec-2019,559.22,564.12,554.495,559.14,332900
EQIX,12-Dec-2019,561.37,561.37,546.26,547.8,387300
EQIX,13-Dec-2019,547.67,552.73,543.11,551.84,553600
EQIX,16-Dec-2019,552.55,563.86,547.145,562.8,473000
EQIX,17-Dec-2019,565.58,571.01,556,557.52,411500
EQIX,18-Dec-2019,559.6,566.85,558.34,565.45,491700
EQIX,19-Dec-2019,566.52,578.48,564.52,575.92,388800
EQIX,20-Dec-2019,581.85,582.2,573.805,577.71,931900
EQIX,23-Dec-2019,577.37,579.3354,570.1075,571.64,181700
EQIX,24-Dec-2019,571.54,576.71,569.16,573.24,82600
EQIX,25-Dec-2019,573.24,573.24,573.24,573.24,0
EQIX,26-Dec-2019,573.67,580.12,572.16,579.51,153000
EQIX,27-Dec-2019,582.37,584.45,578.15,582.5,231800
EQIX,30-Dec-2019,580.3,582.4327,575.0301,580.24,247100
EQIX,31-Dec-2019,580.54,583.91,578.36,583.7,292600
EQIX,01-Jan-2020,583.7,583.7,583.7,583.7,0
EQIX,02-Jan-2020,583.91,584.91,576.03,579.35,448600
EQIX,03-Jan-2020,575.47,590.36,575.47,585.12,385100
EQIX,06-Jan-2020,585.13,588,579.75,584.48,284300
EQIX,07-Jan-2020,584.47,586.5,575.02,581.88,252600
EQIX,08-Jan-2020,583,586.16,575.01,583.8,260900
EQIX,09-Jan-2020,582.95,590,575.41,588.99,229500
EQIX,10-Jan-2020,593.32,595.77,587.32,594,307900
EQIX,13-Jan-2020,594.89,598.5312,592.26,594.96,396200
EQIX,14-Jan-2020,595.81,597,582.93,586.5,385300
EQIX,15-Jan-2020,588.56,592.5301,585.055,586.24,394300
EQIX,16-Jan-2020,587.55,596.4023,586.61,595.12,522000
EQIX,17-Jan-2020,594,596.69,587.9,588,794200
EQIX,20-Jan-2020,588,588,588,588,0
EQIX,21-Jan-2020,591.51,594.55,583.94,590,680900
EQIX,22-Jan-2020,595.35,599.18,590.79,591.67,444100
EQIX,23-Jan-2020,594.49,603.7,592.56,596.01,352200
EQIX,24-Jan-2020,597.37,603.35,590.04,591.96,328900
EQIX,27-Jan-2020,589.91,594.96,585.61,593.95,233100
EQIX,28-Jan-2020,595.99,604.67,595.39,602.57,318100
EQIX,29-Jan-2020,600.06,604.25,596.79,602.68,243100
EQIX,30-Jan-2020,602.7,608.105,602.7,603,348400
EQIX,31-Jan-2020,604.07,605.27,587.36,589.73,488600
EQIX,03-Feb-2020,592.56,606.14,591.05,603.6,445600
EQIX,04-Feb-2020,608.09,609.47,605.26,607.85,325900
EQIX,05-Feb-2020,608.49,609.22,600,601.26,327500
EQIX,06-Feb-2020,606.26,607.825,594.56,603.73,215000
EQIX,07-Feb-2020,605.14,607.55,602.13,606,186800
EQIX,10-Feb-2020,609.19,613.74,607.065,612.0301,270300
EQIX,11-Feb-2020,613.1,619.745,611.01,613.57,345000
EQIX,12-Feb-2020,616.23,624.575,612.33,623.14,566300
EQIX,13-Feb-2020,615.1,636.435,611.99,635.75,508300
EQIX,14-Feb-2020,639.09,654.32,637.19,648.65,438500
EQIX,17-Feb-2020,648.65,648.65,648.65,648.65,0
EQIX,18-Feb-2020,644.17,649.99,639.351,643.585,427900
EQIX,19-Feb-2020,648.19,650.11,641.4,643.72,405000
EQIX,20-Feb-2020,644,648.52,639.3,648.39,353500
EQIX,21-Feb-2020,651.96,657,644.1,655.99,604900
EQIX,24-Feb-2020,648.21,654.44,637.69,644.9,543200
EQIX,25-Feb-2020,643.05,645.91,627.5,631.98,677600
EQIX,26-Feb-2020,634.55,637.83,624.88,629.84,414500
EQIX,27-Feb-2020,623.92,630.73,597.2603,597.49,718100
EQIX,28-Feb-2020,586.53,589.96,563.55,572.8,1131900
EQIX,02-Mar-2020,577.88,620.28,577.26,618.88,757100
EQIX,03-Mar-2020,621.72,634.04,600,615.16,678700
EQIX,04-Mar-2020,626,646.52,621.92,645.49,586400
EQIX,05-Mar-2020,629.02,641.83,611.05,616.67,578000
EQIX,06-Mar-2020,599.59,609.99,582.52,608.67,826200
EQIX,09-Mar-2020,571,601.94,570.1325,574.06,724400
EQIX,10-Mar-2020,600,615.04,571.05,610.28,706400
EQIX,11-Mar-2020,591.64,604.98,584.89,598.8,897800
EQIX,12-Mar-2020,556.91,595,546.15,565.13,1004200
EQIX,13-Mar-2020,585.29,623.8401,566.735,621.0901,1081000
EQIX,16-Mar-2020,582.59,586.28,530,542.43,1019300
EQIX,17-Mar-2020,558.62,598.23,554.72,575.18,1215500
EQIX,18-Mar-2020,545,585.035,534.44,572.14,1027800
EQIX,19-Mar-2020,571.89,590.11,535.55,550,985200
EQIX,20-Mar-2020,549.75,559.98,493.2,506.52,1230200
EQIX,23-Mar-2020,505.04,506,477.87,489.14,882100
EQIX,24-Mar-2020,509.84,552.95,496.66,545.89,914300
EQIX,25-Mar-2020,535.8,593.6899,535.37,553.92,723800
EQIX,26-Mar-2020,559.53,604.25,551.26,587.58,754600
EQIX,27-Mar-2020,573.52,605,553.9,594.27,616100
EQIX,30-Mar-2020,605.99,649,594.02,644.87,778500
EQIX,31-Mar-2020,640,644.93,611.06,624.57,1136900
EQIX,01-Apr-2020,608.18,620,580.69,595.46,714700
EQIX,02-Apr-2020,594.79,629.04,590.7,626.15,801500
EQIX,03-Apr-2020,626.31,636.21,604.41,624.69,557100
EQIX,06-Apr-2020,639.78,658.98,630,652.22,698800
EQIX,07-Apr-2020,678.92,679.66,621.72,623.62,621200
EQIX,08-Apr-2020,624.02,668.73,621.55,664.26,533900
EQIX,09-Apr-2020,666.89,692.63,666.21,686.94,904300
EQIX,10-Apr-2020,686.94,686.94,686.94,686.94,0
EQIX,13-Apr-2020,681.61,681.61,644.76,657.19,540900
EQIX,14-Apr-2020,677.36,695.87,671.81,688.89,549700
EQIX,15-Apr-2020,677.76,685.19,665.5013,675.5301,361100
EQIX,16-Apr-2020,659.03,688,659.03,682.74,521600
EQIX,17-Apr-2020,681.85,696.79,669.3,694.95,502600
EQIX,20-Apr-2020,684,686.995,665.8,670.75,519400
EQIX,21-Apr-2020,658.41,681.09,654.95,672.2,420700
EQIX,22-Apr-2020,679.91,698.735,673.195,684.79,433900
EQIX,23-Apr-2020,683.64,698.99,681.01,685.49,382400
EQIX,24-Apr-2020,685.49,689.55,672.91,685.1,459800
EQIX,27-Apr-2020,691.87,707.02,685.24,702,349700
EQIX,28-Apr-2020,713.61,715.75,682.29,683.76,374200
EQIX,29-Apr-2020,685.5,688.8,672.095,679.32,605700
EQIX,30-Apr-2020,675.64,686.56,663.77,675.2,752000
EQIX,01-May-2020,670.34,680.89,665.24,670.85,346700
EQIX,04-May-2020,664.51,677,660.92,675.97,515100
EQIX,05-May-2020,689.38,692.6,672.51,686.39,321500
EQIX,06-May-2020,680.41,701.1543,680.25,684.19,388300
EQIX,07-May-2020,662.01,679.15,656,675.34,663100
EQIX,08-May-2020,679.89,686.99,671.35,678.16,439400
EQIX,11-May-2020,672.47,686.8948,670.4499,678,558800
EQIX,12-May-2020,668.51,676.3,660,663.65,1527300
EQIX,13-May-2020,663.48,686.3333,663.25,678.8,1571900
EQIX,14-May-2020,679.62,682.17,645.9,659.26,800500
EQIX,15-May-2020,656.88,662.35,646.58,658.66,564500
EQIX,18-May-2020,680.75,680.75,659.3863,662.38,586500
EQIX,19-May-2020,663,669.9799,649.195,650.13,455600
EQIX,20-May-2020,653.54,656.21,647.105,655.48,590100
EQIX,21-May-2020,650,653.77,639.43,644.4,512300
EQIX,22-May-2020,643.11,671.41,641.925,670.02,503000
EQIX,25-May-2020,670.02,670.02,670.02,670.02,0
EQIX,26-May-2020,681.1,685,656.59,658.01,573200
EQIX,27-May-2020,666.56,676.35,646.56,675.54,555300
EQIX,28-May-2020,681.67,694.8,676.7419,693.35,441200
EQIX,29-May-2020,697.18,700.49,685.37,697.63,589200
EQIX,01-Jun-2020,699.87,716.32,696.83,710.17,447100
EQIX,02-Jun-2020,718.33,718.33,687.94,696.69,621600
EQIX,03-Jun-2020,691.69,696.02,682.59,688.99,436700
EQIX,04-Jun-2020,680.86,688.0277,660.19,665.18,508300
EQIX,05-Jun-2020,662.74,675.085,647.76,673.5,828400
EQIX,08-Jun-2020,661.68,676.62,661.68,676.24,563500
EQIX,09-Jun-2020,679.88,694.065,675.4,691.22,525800
EQIX,10-Jun-2020,695.23,699.87,680.51,695.53,473300
EQIX,11-Jun-2020,689.96,693.19,659.79,660.7,582200
EQIX,12-Jun-2020,668.69,680,663.44,676.64,539200
EQIX,15-Jun-2020,669.29,695.62,661.83,694.53,546900
EQIX,16-Jun-2020,702,710,687.4201,697.2,570900
EQIX,17-Jun-2020,702.09,704.4727,694.15,698,392200
EQIX,18-Jun-2020,696.55,699.38,689.28,696.51,313000
EQIX,19-Jun-2020,713.42,714,688.56,711.43,1364300
EQIX,22-Jun-2020,709.17,710.98,692.71,697.14,603600
EQIX,23-Jun-2020,700,705,688.6,694.69,594900
EQIX,24-Jun-2020,690,694.56,678.425,689.63,522200
EQIX,25-Jun-2020,684.52,698.2,683.64,696.84,487600
EQIX,26-Jun-2020,697.14,698.01,682.94,686.54,563500
EQIX,29-Jun-2020,692.8,693,684.08,688.92,319300
EQIX,30-Jun-2020,698.5,704.93,690.49,702.3,469900
EQIX,01-Jul-2020,702.3,730.54,701.2,728.17,573300
EQIX,02-Jul-2020,732.8,735.99,716.96,718.41,433100
EQIX,03-Jul-2020,718.41,718.41,718.41,718.41,0
EQIX,06-Jul-2020,723.38,728.525,713.46,722.67,421300
EQIX,07-Jul-2020,718.45,730.78,715.99,721.07,315900
EQIX,08-Jul-2020,725.57,730.66,714.61,720.35,333500
EQIX,09-Jul-2020,721.79,733.03,715.11,728.69,239100
EQIX,10-Jul-2020,734.98,734.98,713.59,716.59,339600
EQIX,13-Jul-2020,720.24,723.75,698.02,701.12,439200
EQIX,14-Jul-2020,716.82,718.99,697.28,716.91,333000
EQIX,15-Jul-2020,724.17,724.77,710.95,713.88,367500
EQIX,16-Jul-2020,716.4,717.985,707.13,714.0901,228000
EQIX,17-Jul-2020,717.3,730.89,709.07,724.23,338900
EQIX,20-Jul-2020,726.03,734.723,721.5779,731.8401,299200
EQIX,21-Jul-2020,735.5,735.5,724.46,725.98,278200
EQIX,22-Jul-2020,729.75,737.765,725,735.52,279400
EQIX,23-Jul-2020,738.64,744.46,728.27,736.69,336500
EQIX,24-Jul-2020,729.81,739.51,729.57,737.39,252900
EQIX,27-Jul-2020,737.7,756.0901,735.025,754,399300
EQIX,28-Jul-2020,762.39,762.39,748.495,752.5301,401400
EQIX,29-Jul-2020,760.1,770.88,756.16,770,379500
EQIX,30-Jul-2020,780,787.7,770,777.95,461500
EQIX,31-Jul-2020,774.18,785.8,770.88,785.48,334600
EQIX,03-Aug-2020,776.64,785.47,775.185,779.12,386500
EQIX,04-Aug-2020,783.46,794.72,775.03,793.43,382800
EQIX,05-Aug-2020,799,799,786.24,794.04,250000
EQIX,06-Aug-2020,787.67,793.78,786.47,792.06,254200
EQIX,07-Aug-2020,791.69,798.4781,788.44,791.7,224800
EQIX,10-Aug-2020,797.95,805.81,780.03,782.74,307700
EQIX,11-Aug-2020,781.46,781.46,754.92,758.17,505900
EQIX,12-Aug-2020,764.68,776.21,756.62,772.99,315300
EQIX,13-Aug-2020,769.32,778.17,767.94,770.12,284500
EQIX,14-Aug-2020,771.2,776.335,758.11,762.01,361600
EQIX,17-Aug-2020,758.36,773.01,758.36,772.08,390700
EQIX,18-Aug-2020,772,789.98,770.46,786.85,453600
EQIX,19-Aug-2020,794.63,794.63,774.23,778.71,333900
EQIX,20-Aug-2020,776.62,788.09,776.62,784.91,312100
EQIX,21-Aug-2020,787.71,787.71,774.625,782.17,504500
EQIX,24-Aug-2020,785,785,763.13,772.47,371300
EQIX,25-Aug-2020,776.32,782.06,771.48,779.71,186200
EQIX,26-Aug-2020,781.57,782.5,770.385,782,313500
EQIX,27-Aug-2020,787.03,795.495,783,789.65,302700
EQIX,28-Aug-2020,788.28,788.28,778.13,787.02,286900
EQIX,31-Aug-2020,788,796.385,787.525,789.7801,580400
EQIX,01-Sep-2020,790.16,793,773.54,789.8,306300
EQIX,02-Sep-2020,787,801.98,776.64,799.61,535800
EQIX,03-Sep-2020,789.63,793.43,754.71,762.45,449800
EQIX,04-Sep-2020,762.05,767.4,737.865,752.18,399800
EQIX,07-Sep-2020,752.18,752.18,752.18,752.18,0
EQIX,08-Sep-2020,743.59,753.44,738.08,741.05,362600
EQIX,09-Sep-2020,749,760.88,746.535,753.42,320500
EQIX,10-Sep-2020,752.23,753.81,742,742.87,274800
EQIX,11-Sep-2020,747.11,750.76,737.97,747.79,222000
EQIX,14-Sep-2020,751.69,761.18,747,756.04,278300
EQIX,15-Sep-2020,759.07,773.305,759.07,768.45,217900
EQIX,16-Sep-2020,778.81,783.39,766.53,767.34,264600
EQIX,17-Sep-2020,763.5,766.52,744.725,755.65,294500
EQIX,18-Sep-2020,754.74,757.84,746.67,752.07,421200
EQIX,21-Sep-2020,750,751.32,730.01,745.55,349900
EQIX,22-Sep-2020,742.58,756.33,742.58,750,327200
EQIX,23-Sep-2020,729.3902,754.12,729.3902,730.67,317900
EQIX,24-Sep-2020,734.27,744.83,730.69,733.73,346900
EQIX,25-Sep-2020,732.62,751.68,731.94,751.32,251100
EQIX,28-Sep-2020,766.97,771.425,760.485,764.81,333000
EQIX,29-Sep-2020,764.81,768.6,760.4204,763.46,290400
EQIX,30-Sep-2020,767.57,770.16,752.675,760.13,442100
EQIX,01-Oct-2020,764.26,771.61,756.02,768.35,378100
EQIX,02-Oct-2020,764.38,779.81,760.34,778,446600
EQIX,05-Oct-2020,777.79,788.27,762.81,788.26,301100
EQIX,06-Oct-2020,787.42,796.94,775,790.83,394600
EQIX,07-Oct-2020,790.82,805.765,789.61,803.26,347100
EQIX,08-Oct-2020,803.04,835.59,797.5,824.4,613100
EQIX,09-Oct-2020,834.28,834.2801,825.5511,829.35,356600
EQIX,12-Oct-2020,832.88,839.77,823.94,835,301500
EQIX,13-Oct-2020,838.26,838.26,822.03,826.11,305400
EQIX,14-Oct-2020,823.89,828.11,812.61,817.4,472800
EQIX,15-Oct-2020,814.01,822,811.47,814.83,255100
EQIX,16-Oct-2020,816.26,826.795,812.08,817.69,324800
EQIX,19-Oct-2020,820.14,822.77,808.35,810,283900
EQIX,20-Oct-2020,810.78,813.35,800,804.94,300000
EQIX,21-Oct-2020,802.78,806.93,797.52,803.16,307500
EQIX,22-Oct-2020,806.12,809.43,776.34,777.55,420000
EQIX,23-Oct-2020,778,781.09,769.51,777.03,378100
EQIX,26-Oct-2020,777,777,762.5,770.48,293200
EQIX,27-Oct-2020,778.8,778.8,767.11,773.31,308500
EQIX,28-Oct-2020,763.19,771.68,755.01,756.07,487500
EQIX,29-Oct-2020,767.74,767.74,737.795,740.68,574000
EQIX,30-Oct-2020,731.46,739.71,719.86,731.24,413300
EQIX,02-Nov-2020,740.25,748,729.8434,738.32,426500
EQIX,03-Nov-2020,742.6,755.33,738.37,752.28,313700
EQIX,04-Nov-2020,759.35,787,758.72,777.29,363700
EQIX,05-Nov-2020,790,795.34,779.75,781.05,335200
EQIX,06-Nov-2020,790.72,797.27,781.25,794.39,471400
EQIX,09-Nov-2020,804.66,808.02,740.54,743.21,852300
EQIX,10-Nov-2020,743.13,743.87,716.03,726.77,770100
EQIX,11-Nov-2020,733.72,766.05,731,760.85,554700
EQIX,12-Nov-2020,767.12,767.2151,754.33,760.31,390200
EQIX,13-Nov-2020,764.6,766.3,755.31,760.81,314300
EQIX,16-Nov-2020,762.57,764.48,736.2,755.09,404900
EQIX,17-Nov-2020,750.61,755,743.82,751.18,512200
EQIX,18-Nov-2020,747.89,758.1,733.37,734.32,658400
EQIX,19-Nov-2020,737.73,737.73,727.75,730.59,444500
EQIX,20-Nov-2020,732.97,742.32,725.55,728.12,538300
EQIX,23-Nov-2020,727.2,733,709.38,711.46,518800
EQIX,24-Nov-2020,714.95,715.85,690.06,692.38,1218200
EQIX,25-Nov-2020,698.99,705.345,686.765,693.54,880600
EQIX,26-Nov-2020,693.54,693.54,693.54,693.54,0
EQIX,27-Nov-2020,701.04,705.695,691.625,700.52,469600
EQIX,30-Nov-2020,701.6,706.73,695.44,697.79,1021700
EQIX,01-Dec-2020,706.59,714.86,700.03,712.58,798100
EQIX,02-Dec-2020,710,712.93,688.14,690.62,552100
EQIX,03-Dec-2020,701.73,701.73,689.775,692.65,669100
EQIX,04-Dec-2020,692.9,712.96,690.49,708.33,632800
EQIX,07-Dec-2020,714.96,717.76,694.38,697.55,681900
EQIX,08-Dec-2020,705,706.41,692.125,695.2801,454100
EQIX,09-Dec-2020,702.91,703.89,675.84,678.4,596900
EQIX,10-Dec-2020,676.03,689.25,676.03,686.99,419700
EQIX,11-Dec-2020,685.46,689.695,671.9,688.86,454900
EQIX,14-Dec-2020,688.98,699.75,687.0024,690.0301,453900
EQIX,15-Dec-2020,696.52,698.29,687.45,695.64,423100
EQIX,16-Dec-2020,699.49,702.52,686.93,690.19,379000
EQIX,17-Dec-2020,696.37,717.73,695.82,712.74,565400
EQIX,18-Dec-2020,713.8,713.8,704.13,709.73,861900
EQIX,21-Dec-2020,701.33,706.39,697.08,704.4,516200
EQIX,22-Dec-2020,700,714.0901,698.0757,713.44,371400
EQIX,23-Dec-2020,714.92,719.24,703.08,703.08,342300
EQIX,24-Dec-2020,707.94,711.43,702.605,705.94,97300
EQIX,25-Dec-2020,705.94,705.94,705.94,705.94,0
EQIX,28-Dec-2020,707.85,710.75,703.32,709.88,265200
EQIX,29-Dec-2020,715,716.23,705.5,708.78,230800
EQIX,30-Dec-2020,711.58,715.67,698.26,700.4,348300
EQIX,31-Dec-2020,701.48,714.925,697.2801,714.18,293400
EQIX,01-Jan-2021,714.18,714.18,714.18,714.18,0
EQIX,04-Jan-2021,718.34,719.24,691.63,692.56,567000
EQIX,05-Jan-2021,698,698.86,690.23,691.54,473500
EQIX,06-Jan-2021,685,686.5325,663.85,668.96,568500
EQIX,07-Jan-2021,673.22,684.25,670.32,678.97,698000
EQIX,08-Jan-2021,686.31,698.65,683.76,692.46,624200
EQIX,11-Jan-2021,696.99,699.95,680.8,682.39,502900
EQIX,12-Jan-2021,681.33,681.76,660.72,676.53,412200
EQIX,13-Jan-2021,681.45,691.58,678.77,690.12,455300
EQIX,14-Jan-2021,689.05,692.88,684.95,689.67,530000
EQIX,15-Jan-2021,690.94,709.861,690.725,707.76,549900
EQIX,18-Jan-2021,707.76,707.76,707.76,707.76,0
EQIX,19-Jan-2021,716.83,722.99,711.64,716.32,558500
EQIX,20-Jan-2021,718.23,734.53,715,727.74,456100
EQIX,21-Jan-2021,727.22,729.08,716.76,719.9,318300
EQIX,22-Jan-2021,720.18,728.93,720.18,721.16,484800
EQIX,25-Jan-2021,728.46,728.86,719.35,723.16,315700
EQIX,26-Jan-2021,721.28,736,719.55,735.24,369900
EQIX,27-Jan-2021,737.32,737.32,730,731.7,492700
EQIX,28-Jan-2021,725.11,747.425,724.1101,738.23,450000
EQIX,29-Jan-2021,729.53,745.49,726.35,739.96,488000
EQIX,01-Feb-2021,737.96,759.55,731.5,756.72,343800
EQIX,02-Feb-2021,760.09,770.35,758.28,768.57,575800
EQIX,03-Feb-2021,764.1,766,745.89,754.89,320100
EQIX,04-Feb-2021,760.02,760.02,742.01,746.91,421000
EQIX,05-Feb-2021,749.12,756.29,740.95,754.29,378200
EQIX,08-Feb-2021,751.02,754.55,739.16,747.41,371700
EQIX,09-Feb-2021,751.43,755.26,742.59,750.47,299700
EQIX,10-Feb-2021,756.94,758.52,748.23,751,465800
EQIX,11-Feb-2021,749.25,758.62,711.1,717.7,798500
EQIX,12-Feb-2021,711.23,724.17,700.02,709.81,638700
EQIX,15-Feb-2021,709.81,709.81,709.81,709.81,0
EQIX,16-Feb-2021,723.64,724,684.47,688.09,617200
EQIX,17-Feb-2021,687.9,700.32,684.65,694.43,561600
EQIX,18-Feb-2021,692.92,692.92,682.62,685.56,964800
EQIX,19-Feb-2021,694.73,700.38,674.26,680.22,727200
EQIX,22-Feb-2021,677.69,677.69,662.15,667.34,810500
EQIX,23-Feb-2021,661.02,667.29,654.21,658.82,871500
EQIX,24-Feb-2021,658.79,660.76,637.53,639,1076200
EQIX,25-Feb-2021,637,644.41,624.03,638.37,1367200
EQIX,26-Feb-2021,643.83,660.25,640,648.34,978600
EQIX,01-Mar-2021,649.32,658.69,641.99,648.26,935000
EQIX,02-Mar-2021,646.64,649.34,629.42,640.05,820400
EQIX,03-Mar-2021,630.74,638.17,609.26,611.34,631600
EQIX,04-Mar-2021,615.77,627.18,602.24,603.57,942600
EQIX,05-Mar-2021,606.35,616.48,586.73,610.56,864300
EQIX,08-Mar-2021,605.05,615.68,594.03,594.92,1029900
EQIX,09-Mar-2021,611.9,629.81,606.9,622.71,765800
EQIX,10-Mar-2021,634.61,645.62,626.02,638.7,1029600
EQIX,11-Mar-2021,640.98,661.19,640.98,654.59,731600
EQIX,12-Mar-2021,644.49,669.4,642.82,668,718100
EQIX,15-Mar-2021,662.25,675.51,662.25,669.55,587400
EQIX,16-Mar-2021,673.37,682.08,669.07,671.33,288900
EQIX,17-Mar-2021,666.38,668.41,653.34,656.45,470100
EQIX,18-Mar-2021,648.7,653.39,639.165,646.83,573700
EQIX,19-Mar-2021,650.08,662.87,646.81,653.06,668800
EQIX,22-Mar-2021,649.73,669.63,649.73,666.69,479700
EQIX,23-Mar-2021,674.11,683.84,660.6,675.77,436800
EQIX,24-Mar-2021,670.97,675.75,658.13,662.34,529100
EQIX,25-Mar-2021,667.49,670.21,655.37,668.12,386500
EQIX,26-Mar-2021,664.3,684.05,660.47,683.63,400900
EQIX,29-Mar-2021,684.99,691.22,674,687.84,451600
EQIX,30-Mar-2021,680.2,687.725,673.26,674.8401,300700
EQIX,31-Mar-2021,676.32,686.66,665,679.59,413400
EQIX,01-Apr-2021,685.7,686.07,673.31,678,735300
EQIX,02-Apr-2021,678,678,678,678,0
EQIX,05-Apr-2021,686.2,690.7,682.38,690.24,407600
EQIX,06-Apr-2021,687.23,691.81,682.365,688.71,447400
EQIX,07-Apr-2021,688.88,689.3401,680.6747,684.45,365100
EQIX,08-Apr-2021,693.99,699.18,685.4023,687.69,362400
EQIX,09-Apr-2021,685.99,691.69,683.04,687.46,319900
EQIX,12-Apr-2021,688.12,692.55,679.03,691.43,355100
EQIX,13-Apr-2021,694.5,707.49,692.66,705.77,380300
EQIX,14-Apr-2021,707.05,708.88,692.69,694.31,353800
EQIX,15-Apr-2021,698.25,720.38,697.4,718.85,422800
EQIX,16-Apr-2021,720.95,720.95,707.71,708.14,383400
EQIX,19-Apr-2021,709,719.63,706.05,717.29,263900
EQIX,20-Apr-2021,714.31,728.98,714.17,726.22,310200
EQIX,21-Apr-2021,728.29,735.77,724.14,726.13,422500
EQIX,22-Apr-2021,710.51,724.73,710.01,717.97,336600
EQIX,23-Apr-2021,716.96,722.93,715.14,718.11,366100
EQIX,26-Apr-2021,719.54,720,710,716.97,265900
EQIX,27-Apr-2021,723.8,723.8,710.25,713.88,271500
EQIX,28-Apr-2021,715.01,715.49,703.95,707.38,404000
EQIX,29-Apr-2021,722.42,722.42,695.02,706.08,503400
EQIX,30-Apr-2021,703.96,725.45,703.79,720.76,669700
EQIX,03-May-2021,720.78,720.98,708.79,711.05,469500
EQIX,04-May-2021,711.9,718.54,705.38,710.03,676700
EQIX,05-May-2021,703.65,710,690.83,693,472800
EQIX,06-May-2021,693.63,702.51,690.6,699.08,355100
EQIX,07-May-2021,696.82,714.3,696.82,713.45,379100
EQIX,10-May-2021,715.48,723.79,708.17,720,522800
EQIX,11-May-2021,713.18,718.86,704.97,718.04,376000
EQIX,12-May-2021,710.45,712.62,704.23,705.36,518800
EQIX,13-May-2021,706.73,720.63,701.03,715.43,383600
EQIX,14-May-2021,719.81,727.97,714.43,722.02,322600
EQIX,17-May-2021,714.96,721.92,711.39,715.03,415300
EQIX,18-May-2021,714.07,720.29,704.9,715.33,249600
EQIX,19-May-2021,710.26,719.97,707.43,715.36,286000
EQIX,20-May-2021,715.17,733.92,714.82,728.12,434800
EQIX,21-May-2021,722,731.66,721.44,725.22,621700
EQIX,24-May-2021,724,733.49,719.72,723.3,640200
EQIX,25-May-2021,726.65,737.09,718.49,735.26,325200
EQIX,26-May-2021,740.02,742.895,733.07,735.39,425100
EQIX,27-May-2021,734.56,736.57,727.51,735.09,395500
EQIX,28-May-2021,741.53,745.86,735.89,736.72,314700
EQIX,31-May-2021,736.72,736.72,736.72,736.72,0
EQIX,01-Jun-2021,739.53,740.895,733.04,739.42,419800
EQIX,02-Jun-2021,743.92,759.86,741.58,758.13,561700
EQIX,03-Jun-2021,750.11,779.14,750.11,777.04,723100
EQIX,04-Jun-2021,779.42,788.69,776.27,785.39,573200
EQIX,07-Jun-2021,791.23,807.72,787.35,795.06,778400
EQIX,08-Jun-2021,799.99,818.33,799.99,816.66,622500
EQIX,09-Jun-2021,814.96,819.54,808.19,810.01,532600
EQIX,10-Jun-2021,808.16,828.69,806.82,822.99,542400
EQIX,11-Jun-2021,812.97,820.55,812.66,816.04,590100
EQIX,14-Jun-2021,814.77,825.6,811.54,823.99,490700
EQIX,15-Jun-2021,819.76,826.28,807.03,809,526400
EQIX,16-Jun-2021,813,819.67,806.75,809.97,636300
EQIX,17-Jun-2021,809.97,816.82,805.9,815.46,661300
EQIX,18-Jun-2021,815.5,829.61,799.84,822.77,3751500
EQIX,21-Jun-2021,818.67,826.81,802.65,822.5,1036800
EQIX,22-Jun-2021,823.65,824.985,811.57,822.57,573800
EQIX,23-Jun-2021,821.62,824.72,792.03,803.56,909400
EQIX,24-Jun-2021,804.01,809.63,772.95,779.32,1106300
EQIX,25-Jun-2021,780.19,785.77,774.32,783.4,1128500
